driver_id,season,event,driver,constructor,team,grid,v02_XW,v02_XP,regulation_era,race_distance_laps,wet_fraction,track_temperature,air_temperature,wind_speed,circuit_id,overtake_index,weather_source,round,date,source,observed_winner,position,status,positions_gained,overtake_proxy_raw,circuit_history_races,overtake_source,status_class,observed_performance,rating_eligible,pre_rating,season_reversion_delta,driver_expected_from_rating,driver_score_raw_revised,car_score_raw_revised,team_score_raw_revised,XdW_score_revised,XcW_score_revised,XtW_score_revised,car_effective_prior_races,XW,XP,expected_position,XW_simulated,XW_lower_95,XW_upper_95,XdW_score,XcW_score,XtW_score,XdW_probability_contribution,XcW_probability_contribution,XtW_probability_contribution,XdP_performance_contribution,XcP_performance_contribution,XtP_performance_contribution,XP_neutral_baseline,XW_neutral_baseline,XW_with_neutral_driver,XW_with_neutral_car,XW_with_neutral_team,driver_direct_uplift,car_direct_uplift,team_direct_uplift,driver_above_car_expectation,analysis_mode,neutral_reference,data_quality,model_confidence,decomposition_error,xp_decomposition_error,XW_raw_revised,XP_raw_revised,XW_neutral_revised,XP_neutral_revised,xw_calibration_shrinkage,xp_calibration_shrinkage,xw_calibration_adjustment,xp_calibration_adjustment,win_surprise,performance_surprise,raw_rating_delta,field_centering_adjustment,rating_delta,teammate_rating_delta,post_rating,model_version,car_prior_scope,rating_update_method,driver_name_key,driver_id_f1db,constructor_id_f1db,entrant_id,car_model_id,car_model_candidates,car_identity_resolution,model_entity_id,reason_retired_f1db,status_class_f1db,qualifying_position,qualifying_position_text,qualifying_eligible,qualifying_laps,qualifying_time,f1db_joined,clean_pass_proxy_eligible,clean_grid_rank,clean_finish_rank,clean_positions_gained,car_fit_eligible,field_performance,relative_performance,current_car_score_raw,constructor_prior_z_x,prior_weight_total_x,car_suitability_score_v6,expected_car_win_v6,car_model_scope_v6,car_prior_scope_v6,qualifying_rating_carried_v6,pre_qualifying_rating_v6,pre_session_strength,qualifying_delta_v6,pre_race_rating_v6,post_event_rating_v6,layout_key,straight_demand,altitude_demand,top_three_straight_share,straight_600_1000_track_share,straight_over_1000_track_share,radius_under_50_distance_share,radius_50_90_distance_share,radius_90_150_distance_share,radius_150_250_distance_share,radius_250_450_distance_share,steady_long_turn_distance_share,opposite_direction_links_per_km,same_direction_links_per_km,multi_turn_complexes_per_km,multi_apex_turns_per_km,tightening_turns_per_km,approach_severity_per_km,top_three_turning_share,current_car_score_raw_v7_6,constructor_prior_z_y,prior_weight_total_y,car_suitability_score_v7_6,expected_car_win_v7_6,car_model_scope_v7_6,car_prior_scope_v7_6,shape_topology_quality,car_suitability_model_branch_v7_6,car_suitability_score_v6_baseline,expected_car_win_v6_baseline,car_model_scope_v6_baseline,retrospective_pre_race_rating,driver_context_adjustment,result_order,finish_position_text,gap_laps,winner_race_time_seconds,winner_race_laps,cumulative_gap_share,cumulative_gap_reliability,cumulative_gap_quality,race_completion_fraction_v7_4,race_completion_reliability_v7_4,race_completion_quality_v7_4,pairwise_pre_race_strength_v7_4,field_xw_v7_4,margin_comparison_count,margin_comparison_weight,weighted_pair_gap_residual,same_car_margin_comparisons,eligible_timed_field_size,margin_race_completion_reliability,mean_pair_gap_residual_score,margin_pair_coverage,margin_field_depth_factor,raw_pairwise_margin_performance_adjustment,crossfit_car_margin_component,crossfit_car_margin_effective_rows,crossfit_car_margin_other_drivers,driver_margin_adjustment_before_centering,pairwise_margin_performance_adjustment,observed_performance_position_only,gap_adjusted_observed_performance,pairwise_margin_model,event_index,season_rounds,calendar_reference_rounds,calendar_k_multiplier,effective_race_k,effective_qualifying_k,effective_max_race_delta,effective_max_qualifying_delta,scheduled_race_k_budget,scheduled_qualifying_k_budget,retrospective_pre_qualifying_rating,retrospective_debut_anchor,inactivity_seasons,return_uncertainty_multiplier,driver_context_prior_samples,retrospective_qualifying_delta,retrospective_driver_expected_from_rating,retrospective_expected_performance,retrospective_performance_residual,retrospective_race_delta,retrospective_post_rating,retrospective_rating,debut_rating_frozen,rating_history_scope
mansell,1986,Canadian Grand Prix,Nigel Mansell,Williams,Williams,1,0.01528876244314183,0.5782696014748038,1983-1988_turbo,69,0.0,19.52,19.52,4.188,villeneuve,0.7047039781314537,open_meteo_era5_air_temperature_track_proxy,6,1986-06-15,jolpica_cross_fitted_xw_xp,1.0,1,Finished,0.0,4.7728646913175075,8,prior_same_circuit_grid_movement,finished,1.0677086839308043,True,1476.9996677697188,0.0,0.46803013625038975,-0.363764930959962,1.54251493954972,0.72414253924359,-0.1636942189319829,1.92814367443715,0.10862138088653848,2.310082201482647,0.11310046736779536,0.7444669203010916,7.132793912773801,0.06,0.0,0.12582799404508693,-0.1636942189319829,1.92814367443715,0.10862138088653848,-0.04188189155984339,0.10807478818552364,0.0031441817316300415,-0.030309374441193266,0.1927004741243887,0.007656678644420637,0.684950197886426,0.07843192818914022,0.2134102266270923,0.06235239586573389,0.14499556080856524,-0.0656412200806418,0.08541661068071661,0.002773445737885266,-0.0656412200806418,cross_fitted,season_grid_average,example_precomputed_capabilities,0.7175535672533424,0.0,0.0,0.1477690065464505,0.854997976214042,0.07843192818914022,0.684950197886426,0.49999999999999994,0.6499999999999999,-0.034668539178655144,-0.11053105591295043,0.8868995326322047,0.25553307969890837,25.885184217753263,-1.6154729043337355,24.269711313419528,0.0,1501.2693790831383,revised_v3_parallel,prior_similar_races_current_season_only,field_centered_bounded_no_teammate_term,nigelmansell,nigel-mansell,williams,canon-williams-honda-team,williams-fw11,williams-fw11,exact_chassis,williams-fw11,,finished,1.0,1,True,,1:24.118,True,True,1.0,1.0,0.0,True,0.6166666666666667,0.3833333333333333,0.22142827361684786,1.2084522346592308,0.09988657377878182,0.729650066408742,0.3299188670616338,full_same_season_static_retrospective_baseline_v6,constructor_lineage_regulation_and_stability_shrunk,61.29162321866758,1538.2912909883864,1605.9468644859166,2.345046695230888,1540.6363376836173,1564.9060489970368,add28ac765d2963c,0.22413729128014842,0.0044,,,,,,,,,,,,,,,,,0.22501633826691125,1.2084522346592308,0.09988657377878182,0.729650066408742,0.3299188670616338,full_same_season_static_retrospective_baseline_v6,constructor_lineage_regulation_and_stability_shrunk,review,baseline_v6_topology_fallback,1.4002180227185415,0.4420463408925229,full_same_season_static_retrospective,1549.9285471150279,0.04537029837860019,1,1,,6146.415,69.0,0.0,1.0,winner_origin,,1.0,scheduled_distance_unavailable_assume_full,1614.288436602307,0.053426865527585396,11.0,10.6,2.6543381481696557,1.0,12.0,1.0,0.25040925926128826,1.0,0.7608859102526822,0.07621315086749009,0.0110084045222596,8.986317094845624,1,0.06520474634523049,0.06770868393080429,1.0,1.0677086839308043,all_field_expected_seconds_gap_residual_same_car_crossfit_v7_4,414,16,16.0,1.0,24.0,6.0,28.0,9.0,384.0,96.0,1547.5748591732172,1503.5300309310708,0,1.0,48,2.353687941810592,0.5447332320960319,0.6551750034449567,0.4125336804858476,9.798584252975342,1559.7271313680033,1559.7271313680033,1471.084547404867,retrospective_first_five_backcast_previous_season_anchor_frozen_v7_5
prost,1986,Canadian Grand Prix,Alain Prost,McLaren,McLaren,4,0.30900013058864484,0.9271680568340708,1983-1988_turbo,69,0.0,19.52,19.52,4.188,villeneuve,0.7047039781314537,open_meteo_era5_air_temperature_track_proxy,6,1986-06-15,jolpica_cross_fitted_xw_xp,0.0,2,Finished,2.0,4.7728646913175075,8,prior_same_circuit_grid_movement,finished,0.9858378459302839,True,1847.2370897728545,0.0,0.7902337751096181,3.5440842479715546,0.37864903794142885,0.37106985109221546,1.5948379115871996,0.47331129742678607,0.055660477663832315,2.310082201482647,0.09453837097069887,0.7093093132305675,7.976576482466381,0.06,0.0,0.12582799404508693,1.5948379115871996,0.47331129742678607,0.055660477663832315,0.09554816429550722,-0.03494915798025184,-0.0005565032446394405,0.18390662387820486,0.008031259584509082,0.002487973478159618,0.6412602633012617,0.0645171194353909,0.04532377598913061,0.1771601048782155,0.1271343896654265,0.07923584651687623,-0.05260048237220867,-0.0025747671594196636,0.07923584651687623,cross_fitted,season_grid_average,example_precomputed_capabilities,0.7175535672533424,0.0,0.0,0.12455962250600684,0.8356861202421353,0.0645171194353909,0.6412602633012617,0.49999999999999994,0.6499999999999999,-0.030021251535307977,-0.12637680701156784,-0.09453837097069887,0.24902402010276592,2.213511458553014,-1.6154729043337346,0.5980385542192792,0.0,1847.8351283270738,revised_v3_parallel,prior_similar_races_current_season_only,field_centered_bounded_no_teammate_term,alainprost,alain-prost,mclaren,marlboro-mclaren-tag-turbo,mclaren-mp4-2c,mclaren-mp4-2c,exact_chassis,mclaren-mp4-2c,,finished,4.0,4,True,,1:25.192,True,True,4.0,2.0,2.0,True,0.6166666666666667,0.3416666666666667,0.20606465700819124,1.1090141860009803,0.09988657377878182,0.6600834738661022,0.2704494146243868,full_same_season_static_retrospective_baseline_v6,constructor_lineage_regulation_and_stability_shrunk,94.22648151805657,1941.463571290911,1728.741633115807,0.0007636049296238757,1941.4643348958407,1942.06237345006,add28ac765d2963c,0.22413729128014842,0.0044,,,,,,,,,,,,,,,,,0.20304259977204434,1.1090141860009803,0.09988657377878182,0.6600834738661022,0.2704494146243868,full_same_season_static_retrospective_baseline_v6,constructor_lineage_regulation_and_stability_shrunk,review,baseline_v6_topology_fallback,1.320750019211667,0.35225779568182736,full_same_season_static_retrospective,1676.9023809074615,0.07057527745775624,2,2,,6146.415,69.0,0.003361146294221916,1.0,exact_seconds,,1.0,scheduled_distance_unavailable_assume_full,1748.0670391815486,0.08937551882789198,11.0,10.6,0.9711365001990391,1.0,12.0,1.0,0.0916166509621735,1.0,0.7608859102526822,0.027883927544662263,0.002883352533285566,4.521785140004601,1,0.025000575011376695,0.027504512596950498,0.9583333333333334,0.9858378459302839,all_field_expected_seconds_gap_residual_same_car_crossfit_v7_4,414,16,16.0,1.0,24.0,6.0,28.0,9.0,384.0,96.0,1675.9349552065187,1503.5300309310708,0,1.0,72,0.9674257009428704,0.663724854039642,0.7849852383732254,0.20085260755705847,4.718238502684402,1681.620619410146,1681.620619410146,1461.3715253586836,retrospective_first_five_backcast_previous_season_anchor_frozen_v7_5
piquet,1986,Canadian Grand Prix,Nelson Piquet,Williams,Williams,3,0.07545506506746301,0.7935551293868498,1983-1988_turbo,69,0.0,19.52,19.52,4.188,villeneuve,0.7047039781314537,open_meteo_era5_air_temperature_track_proxy,6,1986-06-15,jolpica_cross_fitted_xw_xp,0.0,3,Finished,0.0,4.7728646913175075,8,prior_same_circuit_grid_movement,finished,0.9081758007987942,True,1659.2233688746778,0.0,0.6413833802672976,1.559602882299188,1.54251493954972,0.72414253924359,0.7018212970346347,1.92814367443715,0.10862138088653848,2.310082201482647,0.17803230986167207,0.747438605008855,7.061473479787481,0.38,0.2454577419544328,0.5145422580455672,0.7018212970346347,1.92814367443715,0.10862138088653848,0.06445731148266577,0.1493517603887663,0.004541702402442312,0.07072969023258781,0.1829918556334677,0.0072743181591047494,0.6560900526000488,0.06885692272473488,0.1873570091008487,0.1025626282971788,0.2804955334595807,0.09985068789776055,0.18464506870143046,0.006712163539028537,0.09985068789776055,cross_fitted,season_grid_average,example_precomputed_capabilities,0.7175535672533424,0.0,0.0,0.28720769699860926,0.9170859166252091,0.06885692272473488,0.6560900526000488,0.49999999999999994,0.6499999999999999,-0.1091753871369372,-0.16964731161635416,-0.17803230986167207,0.16922806165781168,-1.2266703268395194,-1.6154729043337346,-2.842143231173254,0.0,1656.3812256435046,revised_v3_parallel,prior_similar_races_current_season_only,field_centered_bounded_no_teammate_term,nelsonpiquet,nelson-piquet,williams,canon-williams-honda-team,williams-fw11,williams-fw11,exact_chassis,williams-fw11,,finished,3.0,3,True,,1:24.384,True,True,3.0,3.0,0.0,True,0.6166666666666667,0.29999999999999993,0.22142827361684786,1.2084522346592308,0.09988657377878182,0.729650066408742,0.3299188670616338,full_same_season_static_retrospective_baseline_v6,constructor_lineage_regulation_and_stability_shrunk,117.23027986109031,1776.4536487357682,1693.0373119618023,0.7600831916187314,1777.213731927387,1774.3715886962138,add28ac765d2963c,0.22413729128014842,0.0044,,,,,,,,,,,,,,,,,0.22501633826691125,1.2084522346592308,0.09988657377878182,0.729650066408742,0.3299188670616338,full_same_season_static_retrospective_baseline_v6,constructor_lineage_regulation_and_stability_shrunk,review,baseline_v6_topology_fallback,1.4002180227185415,0.4420463408925229,full_same_season_static_retrospective,1636.058494360731,0.05495925550886887,3,3,,6146.415,69.0,0.00589969925558232,1.0,exact_seconds,,1.0,scheduled_distance_unavailable_assume_full,1711.8884770735997,0.07776554682738586,11.0,10.6,0.44037544880613133,1.0,12.0,1.0,0.04154485366095579,1.0,0.7608859102526822,0.01264435751765233,0.023639160971098507,9.032285170970496,1,-0.010994803453446177,-0.008490865867872375,0.9166666666666666,0.9081758007987942,all_field_expected_seconds_gap_residual_same_car_crossfit_v7_4,414,16,16.0,1.0,24.0,6.0,28.0,9.0,384.0,96.0,1634.6653066491028,1481.5580416129337,0,1.0,73,1.3931877116281797,0.6267620822740764,0.740484077005547,0.16769172379324726,3.922377292352933,1639.9808716530838,1639.9808716530838,1429.773409253786,retrospective_first_five_backcast_previous_season_anchor_frozen_v7_5
keke_rosberg,1986,Canadian Grand Prix,Keke Rosberg,McLaren,McLaren,6,0.07423666426186075,0.7916108192988937,1983-1988_turbo,69,0.0,19.52,19.52,4.188,villeneuve,0.7047039781314537,open_meteo_era5_air_temperature_track_proxy,6,1986-06-15,jolpica_cross_fitted_xw_xp,0.0,4,Finished,2.0,4.7728646913175075,8,prior_same_circuit_grid_movement,finished,0.8611260140737385,True,1573.5993464206363,0.0,0.5616248894082564,0.6558429003030781,0.37864903794142885,0.37106985109221546,0.2951293051363852,0.47331129742678607,0.055660477663832315,2.310082201482647,0.04841626350715444,0.6342561194457147,9.777853133302848,0.04,0.0,0.09431711332536,0.2951293051363852,0.47331129742678607,0.055660477663832315,0.0020726423797369346,-0.018283284613620592,-0.00023851105608716758,0.03689675963536076,0.026030135784479047,0.0037853987073472317,0.6109068165011993,0.056640840152139854,0.0397906288029889,0.06079127227726387,0.04117113962164348,0.0004010580591801288,-0.020599585415094844,-0.0009794527594744543,0.0004010580591801288,cross_fitted,season_grid_average,example_precomputed_capabilities,0.7175535672533424,0.0,0.0,0.04019168686216903,0.6776191106283863,0.056640840152139854,0.6109068165011993,0.49999999999999994,0.6499999999999999,0.00822457664498541,-0.04336299118267162,-0.04841626350715444,0.2407438805542853,3.1713995258054286,-1.6154729043337346,1.555926621471694,0.0,1575.1552730421079,revised_v3_parallel,prior_similar_races_current_season_only,field_centered_bounded_no_teammate_term,kekerosberg,keke-rosberg,mclaren,marlboro-mclaren-tag-turbo,mclaren-mp4-2c,mclaren-mp4-2c,exact_chassis,mclaren-mp4-2c,,finished,6.0,6,True,,1:25.533,True,True,6.0,4.0,2.0,True,0.6166666666666667,0.2583333333333333,0.20606465700819124,1.1090141860009803,0.09988657377878182,0.6600834738661022,0.2704494146243868,full_same_season_static_retrospective_baseline_v6,constructor_lineage_regulation_and_stability_shrunk,48.1311407916669,1621.7304872123032,1645.8373012124491,0.7065992195665229,1622.4370864318696,1623.9930130533412,add28ac765d2963c,0.22413729128014842,0.0044,,,,,,,,,,,,,,,,,0.20304259977204434,1.1090141860009803,0.09988657377878182,0.6600834738661022,0.2704494146243868,full_same_season_static_retrospective_baseline_v6,constructor_lineage_regulation_and_stability_shrunk,review,baseline_v6_topology_fallback,1.320750019211667,0.35225779568182736,full_same_season_static_retrospective,1593.9184220918726,0.10866527964218543,4,4,,6146.415,69.0,0.015565659006103558,1.0,exact_seconds,,1.0,scheduled_distance_unavailable_assume_full,1679.2523907272393,0.06859194316364685,11.0,10.6,-0.21493987428617067,1.0,12.0,1.0,-0.02027734663077082,1.0,0.7608859102526822,-0.006171498939465286,0.010206424572370075,9.435648498445303,1,-0.01637792351183536,-0.013873985926261559,0.875,0.8611260140737385,all_field_expected_seconds_gap_residual_same_car_crossfit_v7_4,414,16,16.0,1.0,24.0,6.0,28.0,9.0,384.0,96.0,1593.0306233031608,1481.5580416129337,0,1.0,62,0.8877987887117575,0.587174344509764,0.7530602950653819,0.1080657190083566,2.491353177515557,1596.409775269388,1596.409775269388,1417.539986252467,retrospective_first_five_backcast_previous_season_anchor_frozen_v7_5
senna,1986,Canadian Grand Prix,Ayrton Senna,Team Lotus,Team Lotus,2,0.10830351088521159,0.8345766831031898,1983-1988_turbo,69,0.0,19.52,19.52,4.188,villeneuve,0.7047039781314537,open_meteo_era5_air_temperature_track_proxy,6,1986-06-15,jolpica_cross_fitted_xw_xp,0.0,5,+1 Lap,-3.0,4.7728646913175075,8,prior_same_circuit_grid_movement,finished,0.8666602158849794,True,1506.9080296905697,0.0,0.49709642680858157,-0.04808272103307365,0.886742120088026,0.8620841440445022,-0.021637224464883142,1.1084276501100325,0.1293126216066753,2.310082201482647,0.07482457617232198,0.7064041448889932,8.046300522664165,0.04,0.0,0.09431711332536,-0.021637224464883142,1.1084276501100325,0.1293126216066753,-0.01568301046208769,0.015316051032499826,0.003038818038477096,-0.012238788164272558,0.10347935924916832,0.010885863120150753,0.6706598929172268,0.07348864686787737,0.09637188983144823,0.06557550766472815,0.07409172455104669,-0.02021138435468163,0.01058499781203845,0.0020687809257199097,-0.02021138435468163,cross_fitted,season_grid_average,example_precomputed_capabilities,0.7175535672533424,-8.673617379884035e-19,1.3877787807814457e-17,0.0761605054767666,0.7727863271222734,0.07348864686787737,0.6706598929172268,0.49999999999999994,0.6499999999999999,-0.0013359293044446219,-0.06638218223328018,-0.07482457617232198,0.1269291884443402,0.488935563862396,-1.6154729043337346,-1.1265373404713386,0.0,1505.7814923500985,revised_v3_parallel,prior_similar_races_current_season_only,field_centered_bounded_no_teammate_term,ayrtonsenna,ayrton-senna,lotus,john-player-special-team-lotus,lotus-98t,lotus-98t,exact_chassis,lotus-98t,,finished,2.0,2,True,,1:24.188,True,True,2.0,5.0,-3.0,True,0.6166666666666667,0.21666666666666667,0.0819626897814943,0.9744319302542926,0.09988657377878182,0.3075243547232343,0.09876796436782291,full_same_season_static_retrospective_baseline_v6,constructor_lineage_regulation_and_stability_shrunk,58.8893428018694,1565.797372492439,1609.0095986540975,2.228533132317719,1568.025905624757,1566.8993682842856,add28ac765d2963c,0.22413729128014842,0.0044,,,,,,,,,,,,,,,,,0.07950512580689774,0.9744319302542926,0.09988657377878182,0.3075243547232343,0.09876796436782291,full_same_season_static_retrospective_baseline_v6,constructor_lineage_regulation_and_stability_shrunk,review,baseline_v6_topology_fallback,0.7395581606006929,0.06694123293878607,full_same_season_static_retrospective,1586.4945090701112,0.12799012620677677,5,5,1.0,6146.415,69.0,0.014492753623188406,0.7,lap_equivalent,,1.0,scheduled_distance_unavailable_assume_full,1635.1061432634801,0.0578805741725115,8.0,5.6,0.5898750823384734,0.0,12.0,1.0,0.10533483613187025,0.7272727272727273,0.7608859102526822,0.027340106899020777,-0.0034828380670514966,4.656809721425517,1,0.030822944966072276,0.03332688255164608,0.8333333333333334,0.8666602158849794,all_field_expected_seconds_gap_residual_same_car_crossfit_v7_4,414,16,16.0,1.0,24.0,6.0,28.0,9.0,384.0,96.0,1584.4076502762389,1495.2556583643434,0,1.0,22,2.0868587938723273,0.5800780570804688,0.7403493985645654,0.12631081732041405,2.929235537004936,1589.423744607116,1589.423744607116,1490.9876461853444,retrospective_first_five_backcast_previous_season_anchor_frozen_v7_5
arnoux,1986,Canadian Grand Prix,René Arnoux,Ligier,Ligier,5,0.021629392800801592,0.6274108369620047,1983-1988_turbo,69,0.0,19.52,19.52,4.188,villeneuve,0.7047039781314537,open_meteo_era5_air_temperature_track_proxy,6,1986-06-15,jolpica_cross_fitted_xw_xp,0.0,6,+1 Lap,-1.0,4.7728646913175075,8,prior_same_circuit_grid_movement,finished,0.8053905505683598,True,1526.0481882291565,0.0,0.5157053399057021,0.15394130026913258,0.441003792297129,0.26946300236887244,0.06927358512110966,0.5512547403714112,0.040419450355330865,2.310082201482647,0.049385803983498205,0.6415516037838724,9.602761509187062,0.06,0.0,0.12582799404508693,0.06927358512110966,0.5512547403714112,0.040419450355330865,-0.006288015028193563,-0.015122101898828677,-0.0007199516703117644,0.004183226625892804,0.037836516034227365,0.0018658180317408326,0.626191657541721,0.060450838282165215,0.045123844998679066,0.054601616435930034,0.03965514080019188,-0.006803075313847856,-0.016280846751098824,-0.0013343711153606733,-0.006803075313847856,cross_fitted,season_grid_average,example_precomputed_capabilities,0.7175535672533424,0.0,0.0,0.03832076968483121,0.670077218233582,0.060450838282165215,0.626191657541721,0.49999999999999994,0.6499999999999999,0.011065034298666995,-0.02852561444970958,-0.049385803983498205,0.1501150628827942,1.5168118362863383,-1.6154729043337346,-0.09866106804739627,0.0,1525.949527161109,revised_v3_parallel,prior_similar_races_current_season_only,field_centered_bounded_no_teammate_term,renearnoux,rene-arnoux,ligier,equipe-ligier,ligier-js27,ligier-js27,exact_chassis,ligier-js27,,finished,5.0,5,True,,1:25.224,True,True,5.0,6.0,-1.0,True,0.6166666666666667,0.17499999999999993,0.07628193879077526,0.011234281972145163,0.09988657377878182,0.21799329233449077,0.07647548787012375,full_same_season_static_retrospective_baseline_v6,constructor_lineage_regulation_and_stability_shrunk,95.51096210131999,1621.5591503304765,1637.2000230360927,1.2346833321957358,1622.7938336626723,1622.6951725946249,add28ac765d2963c,0.22413729128014842,0.0044,,,,,,,,,,,,,,,,,0.07875812295035153,0.011234281972145163,0.09988657377878182,0.21799329233449077,0.07647548787012375,full_same_season_static_retrospective_baseline_v6,constructor_lineage_regulation_and_stability_shrunk,review,baseline_v6_topology_fallback,0.626040524888463,0.04839899321408188,full_same_season_static_retrospective,1620.9444600007025,0.03481817296501586,6,6,1.0,6146.415,69.0,0.014492753623188406,0.7,lap_equivalent,,1.0,scheduled_distance_unavailable_assume_full,1658.3031256985685,0.06328200357250492,8.0,5.6,0.4952514621244286,0.0,12.0,1.0,0.08843776109364797,0.7272727272727273,0.7608859102526822,0.022954398857975098,0.011734452541855662,6.828240157090263,2,0.011219946316119436,0.013723883901693237,0.7916666666666666,0.8053905505683598,all_field_expected_seconds_gap_residual_same_car_crossfit_v7_4,414,16,16.0,1.0,24.0,6.0,28.0,9.0,384.0,96.0,1619.7605596493333,1481.5580416129337,0,1.0,70,1.1839003513691506,0.612712573977629,0.6718047371927569,0.13358581337560294,3.103835442329469,1624.048295443032,1624.048295443032,1462.2713665438694,retrospective_first_five_backcast_previous_season_anchor_frozen_v7_5
laffite,1986,Canadian Grand Prix,Jacques Laffite,Ligier,Ligier,8,0.015099697263734132,0.5765087303380941,1983-1988_turbo,69,0.0,19.52,19.52,4.188,villeneuve,0.7047039781314537,open_meteo_era5_air_temperature_track_proxy,6,1986-06-15,jolpica_cross_fitted_xw_xp,0.0,7,+1 Lap,1.0,4.7728646913175075,8,prior_same_circuit_grid_movement,finished,0.7912055489843627,True,1606.4298888268518,0.0,0.5927892054469591,1.0023686715011042,0.441003792297129,0.26946300236887244,0.4510659021754969,0.5512547403714112,0.040419450355330865,2.310082201482647,0.04606838773130863,0.616982796159164,10.192412892180066,0.08,0.0048013617144565535,0.15519863828554345,0.4510659021754969,0.5512547403714112,0.040419450355330865,0.007463713041159106,-0.014068638818546454,-0.0007105000118822178,0.060757000988338784,0.04340677588893735,0.002114792342321629,0.5797852969323047,0.04972610062594342,0.03711830837746688,0.05917061567655818,0.04385361077974633,0.005292366459206971,-0.01675994083988433,-0.0014429359430724806,0.005292366459206971,cross_fitted,season_grid_average,example_precomputed_capabilities,0.7175535672533424,-8.673617379884035e-19,1.3877787807814457e-17,0.04241067483667385,0.6860638661519025,0.04972610062594342,0.5797852969323047,0.49999999999999994,0.6499999999999999,0.0036577128946347764,-0.06908106999273855,-0.04606838773130863,0.13301720384083604,1.2886683635836413,-1.6154729043337346,-0.32680454075009324,0.0,1606.1030842861016,revised_v3_parallel,prior_similar_races_current_season_only,field_centered_bounded_no_teammate_term,jacqueslaffite,jacques-laffite,ligier,equipe-ligier,ligier-js27,ligier-js27,exact_chassis,ligier-js27,,finished,8.0,8,True,,1:26.447,True,True,7.0,7.0,0.0,True,0.6166666666666667,0.1333333333333333,0.07628193879077526,0.011234281972145163,0.09988657377878182,0.21799329233449077,0.07647548787012375,full_same_season_static_retrospective_baseline_v6,constructor_lineage_regulation_and_stability_shrunk,-28.625099893342032,1577.8047889335098,1565.9293452088302,0.713004961366074,1578.517793894876,1578.1909893541258,add28ac765d2963c,0.22413729128014842,0.0044,,,,,,,,,,,,,,,,,0.07875812295035153,0.011234281972145163,0.09988657377878182,0.21799329233449077,0.07647548787012375,full_same_season_static_retrospective_baseline_v6,constructor_lineage_regulation_and_stability_shrunk,review,baseline_v6_topology_fallback,0.626040524888463,0.04839899321408188,full_same_season_static_retrospective,1549.3166184050742,0.058111226890507385,7,7,1.0,6146.415,69.0,0.014492753623188406,0.7,lap_equivalent,,1.0,scheduled_distance_unavailable_assume_full,1594.0580101058406,0.04942737332122609,8.0,5.6,0.7913600233912097,0.0,12.0,1.0,0.14131428989128744,0.7272727272727273,0.7608859102526822,0.03667872789159873,-0.0020228835071901883,8.71858029341765,2,0.038701611398788915,0.04120554898436272,0.75,0.7912055489843627,all_field_expected_seconds_gap_residual_same_car_crossfit_v7_4,414,16,16.0,1.0,24.0,6.0,28.0,9.0,384.0,96.0,1548.4898818220709,1482.5360659531234,0,1.0,95,0.8267365830032727,0.5441372698069084,0.6293875539172786,0.16181799506708405,3.781407802925016,1553.0980262079993,1553.0980262079993,1496.7088743477286,retrospective_first_five_backcast_previous_season_anchor_frozen_v7_5
alboreto,1986,Canadian Grand Prix,Michele Alboreto,Ferrari,Ferrari,11,0.18928078325840778,0.8890069119676621,1983-1988_turbo,69,0.0,19.52,19.52,4.188,villeneuve,0.7047039781314537,open_meteo_era5_air_temperature_track_proxy,6,1986-06-15,jolpica_cross_fitted_xw_xp,0.0,8,+1 Lap,3.0,4.7728646913175075,8,prior_same_circuit_grid_movement,finished,0.7284931378094165,True,1567.1837334132954,0.0,0.5554725837901929,0.5881262230222303,0.6862196915657991,-0.42050328557553224,0.2646568003600036,0.8577746144572489,-0.06307549283632984,2.310082201482647,0.03916047206159459,0.5790741484228539,11.102220437851507,0.06,0.0,0.12582799404508693,0.2646568003600036,0.8577746144572489,-0.06307549283632984,0.00076413780906442,-0.0009542572377507195,-0.003297068600725793,0.0368196913882073,0.10792465162422384,-0.010575942926784468,0.5321152083928775,0.04090406607630064,0.03759821489526232,0.039916493843144746,0.041473151825963485,-0.00018133684837377123,-0.0024996157962561966,-0.004056273779074936,-0.00018133684837377123,cross_fitted,season_grid_average,example_precomputed_capabilities,0.7175535672533424,-4.336808689942018e-19,0.0,0.03741687804688855,0.6662836084785242,0.04090406607630064,0.5321152083928775,0.49999999999999994,0.6499999999999999,0.001743594014706043,-0.08720946005567032,-0.03916047206159459,0.12925918491047939,1.3868139989103587,-1.6154729043337346,-0.22865890542337586,0.0,1566.955074507872,revised_v3_parallel,prior_similar_races_current_season_only,field_centered_bounded_no_teammate_term,michelealboreto,michele-alboreto,ferrari,scuderia-ferrari-spa-sefac,ferrari-f1-86,ferrari-f1-86,exact_chassis,ferrari-f1-86,,finished,11.0,11,True,,1:27.495,True,True,8.0,8.0,0.0,True,0.6166666666666667,0.09166666666666656,0.02601348334662975,1.2433864937058297,0.09988657377878182,0.20231173441516098,0.07312467186974238,full_same_season_static_retrospective_baseline_v6,constructor_lineage_regulation_and_stability_shrunk,28.791538159195078,1595.9752715724906,1584.7350505777877,-0.08291033490596048,1595.8923612375845,1595.6637023321612,add28ac765d2963c,0.22413729128014842,0.0044,,,,,,,,,,,,,,,,,0.03244844505902475,1.2433864937058297,0.09988657377878182,0.20231173441516098,0.07312467186974238,full_same_season_static_retrospective_baseline_v6,constructor_lineage_regulation_and_stability_shrunk,review,baseline_v6_topology_fallback,0.507473288369391,0.0344915883798459,full_same_season_static_retrospective,1568.5213509468847,0.1329388918712367,8,8,1.0,6146.415,69.0,0.014492753623188406,0.7,lap_equivalent,,1.0,scheduled_distance_unavailable_assume_full,1616.0904804597235,0.05379845004254165,8.0,5.6,0.6955623458958641,0.0,12.0,1.0,0.1242075617671186,0.7272727272727273,0.7608859102526822,0.032238603496078315,0.014582736605568873,5.982799434924226,1,0.017655866890509443,0.020159804476083246,0.7083333333333333,0.7284931378094165,all_field_expected_seconds_gap_residual_same_car_crossfit_v7_4,414,16,16.0,1.0,24.0,6.0,28.0,9.0,384.0,96.0,1568.5501118245747,1500.228386726584,0,1.0,46,-0.02876087768996809,0.5627776978692584,0.7209832654302477,0.0075098723791687805,0.07801285841504924,1568.5993638052998,1568.5993638052998,1416.0774174866747,retrospective_first_five_backcast_previous_season_anchor_frozen_v7_5
brundle,1986,Canadian Grand Prix,Martin Brundle,Tyrrell,Tyrrell,19,0.0022597767776781122,0.32517569240391636,1983-1988_turbo,69,0.0,19.52,19.52,4.188,villeneuve,0.7047039781314537,open_meteo_era5_air_temperature_track_proxy,6,1986-06-15,jolpica_cross_fitted_xw_xp,0.0,9,+2 Laps,10.0,4.7728646913175075,8,prior_same_circuit_grid_movement,finished,0.7312155977794679,True,1438.6994638747155,0.0,0.4310818624989614,-0.7680228785607602,-0.08909579835398487,0.26946300236887244,-0.3456102953523421,-0.11136974794248108,0.040419450355330865,2.310082201482647,0.015287714558583947,0.395477257171408,15.508545827886207,0.0,0.0,0.0,-0.3456102953523421,-0.11136974794248108,0.040419450355330865,-0.005859478305110333,-0.012018541895585884,-0.0001442095773203043,-0.04077061681347555,0.008623595834193604,0.006166772877721651,0.40457034400695413,0.02429882944759221,0.009971905718459245,0.016266476905563272,0.006512804802301344,-0.003695306048883556,-0.009989877235987583,-0.00023620513272565487,-0.003695306048883556,cross_fitted,season_grid_average,example_precomputed_capabilities,0.7175535672533424,0.0,0.0,0.006276599669575689,0.37859009590539383,0.02429882944759221,0.40457034400695413,0.49999999999999994,0.6499999999999999,0.009011114889008258,0.016887161266014195,-0.015287714558583947,0.2711894094952587,4.514504221508642,-1.6154729043337346,2.8990313171749076,0.0,1441.5984951918904,revised_v3_parallel,prior_similar_races_current_season_only,field_centered_bounded_no_teammate_term,martinbrundle,martin-brundle,tyrrell,data-general-team-tyrrell,,tyrrell-014|tyrrell-015,ambiguous_chassis_constructor_fallback,constructor:tyrrell,,finished,19.0,19,True,,1:29.111,True,True,11.0,9.0,2.0,True,0.6166666666666667,0.050000000000000044,0.02726147147008018,-0.09865566815210479,0.09988657377878182,0.06928789566760835,0.050003735247270135,full_same_season_static_retrospective_baseline_v6,constructor_lineage_regulation_and_stability_shrunk,-17.627916061111318,1421.0715478136042,1433.9522713292877,-1.080481719011472,1419.9910660945927,1422.8900974117676,add28ac765d2963c,0.22413729128014842,0.0044,,,,,,,,,,,,,,,,,0.02840267028970612,-0.09865566815210479,0.09988657377878182,0.06928789566760835,0.050003735247270135,full_same_season_static_retrospective_baseline_v6,constructor_lineage_regulation_and_stability_shrunk,review,baseline_v6_topology_fallback,0.391316917868573,0.024750362489419645,full_same_season_static_retrospective,1427.2401333368762,0.03184722617518963,9,9,2.0,6146.415,69.0,0.028985507246376812,0.7,lap_equivalent,,1.0,scheduled_distance_unavailable_assume_full,1448.3574604445125,0.02822244708067431,11.0,9.1,1.0795861169824648,1.0,12.0,1.0,0.1186358370310401,1.0,0.7608859102526822,0.03610733473918072,-0.025937658788046564,6.6859185415099605,1,0.06204499352722728,0.06454893111280108,0.6666666666666667,0.7312155977794679,all_field_expected_seconds_gap_residual_same_car_crossfit_v7_4,414,16,16.0,1.0,24.0,6.0,28.0,9.0,384.0,96.0,1428.409239675879,1495.2556583643434,0,1.0,20,-1.169106339002751,0.42496607308369055,0.4756369778466103,0.2555786199328576,6.0316627997035805,1433.2717961365797,1433.2717961365797,1459.255111751001,retrospective_first_five_backcast_previous_season_anchor_frozen_v7_5
jones,1986,Canadian Grand Prix,Alan Jones,Lola,Lola,13,0.00032844502612752974,0.1167964539700465,1983-1988_turbo,69,0.0,19.52,19.52,4.188,villeneuve,0.7047039781314537,open_meteo_era5_air_temperature_track_proxy,6,1986-06-15,jolpica_cross_fitted_xw_xp,0.0,10,+3 Laps,3.0,4.7728646913175075,8,prior_same_circuit_grid_movement,finished,0.5844942048989145,True,1604.9693197237532,0.0,0.591415834536365,0.9869523914842555,-2.0033324940818016,0.7152923380859715,0.444128576167915,-2.504165617602252,0.10729385071289572,2.310082201482647,0.01882390595036913,0.39449335603828806,15.532159455081086,0.02,0.0,0.05880602015151773,0.444128576167915,-2.504165617602252,0.10729385071289572,0.0034006492509347837,-0.038344399612573736,0.0007706040895482255,0.05577487860193351,-0.36947153430295965,0.012249101524706285,0.5,0.035910479086414496,0.001748341348102471,0.04433188376573596,0.0017583936271409622,-1.100853377870338e-05,-0.042594550951412194,-2.1060812817194673e-05,-1.100853377870338e-05,cross_fitted,season_grid_average,example_precomputed_capabilities,0.7175535672533424,0.0,0.0,0.0017373328143237676,0.19855244582368015,0.035910479086414496,0.5,0.49999999999999994,0.6499999999999999,0.017086573136045363,0.1959409102146079,-0.01882390595036913,0.23050664396171194,3.697345848501956,-1.6154729043337346,2.0818729441682216,0.0,1607.0511926679214,revised_v3_parallel,prior_similar_races_current_season_only,field_centered_bounded_no_teammate_term,alanjones,alan-jones,lola,,,,unmatched_constructor_fallback,constructor:lola,,finished,13.0,13,True,,1:28.058,True,True,9.0,10.0,-1.0,True,0.6166666666666667,0.008333333333333304,-0.2835809358187492,0.0,0.0,-0.8449782315494366,0.003668961942776801,full_same_season_static_retrospective_baseline_v6,constructor_lineage_regulation_and_stability_shrunk,13.769145622321165,1618.7384653460745,1478.447660683091,0.0018559392583560007,1618.7403212853328,1620.822194229501,add28ac765d2963c,0.22413729128014842,0.0044,,,,,,,,,,,,,,,,,-0.2788606200920702,0.0,0.0,-0.8449782315494366,0.003668961942776801,full_same_season_static_retrospective_baseline_v6,constructor_lineage_regulation_and_stability_shrunk,review,baseline_v6_topology_fallback,-1.127209302987501,0.0003230958629872752,full_same_season_static_retrospective,1546.1223713039926,0.05996285051511239,10,10,3.0,6146.415,69.0,0.043478260869565216,0.7,lap_equivalent,,1.0,scheduled_distance_unavailable_assume_full,1492.0750927074448,0.033390198423779806,11.0,7.699999999999999,-1.1760393159310487,0.0,12.0,1.0,-0.152732378692344,1.0,0.7608859102526822,-0.04648476599455261,-0.003475033307893252,2.7808743624891976,1,-0.043009732686659356,-0.040505795101085554,0.625,0.5844942048989145,all_field_expected_seconds_gap_residual_same_car_crossfit_v7_4,414,16,16.0,1.0,24.0,6.0,28.0,9.0,384.0,96.0,1546.045919207046,1480.5884309204696,0,1.0,76,0.07645209694664042,0.5410245132659408,0.547309509643654,0.03718469525526047,0.7902086074412498,1546.9125799114338,1546.9125799114338,1419.1470258209056,retrospective_first_five_backcast_previous_season_anchor_frozen_v7_5
streiff,1986,Canadian Grand Prix,Philippe Streiff,Tyrrell,Tyrrell,17,0.006299731395550171,0.45571184861605163,1983-1988_turbo,69,0.0,19.52,19.52,4.188,villeneuve,0.7047039781314537,open_meteo_era5_air_temperature_track_proxy,6,1986-06-15,jolpica_cross_fitted_xw_xp,0.0,11,+4 Laps,6.0,4.7728646913175075,8,prior_same_circuit_grid_movement,finished,0.4871179869582408,True,1492.7297595980606,0.0,0.48330727594449147,-0.1977341010581103,-0.08909579835398487,0.26946300236887244,-0.08898034547614964,-0.11136974794248108,0.040419450355330865,2.310082201482647,0.018128994351132223,0.43287633251005536,14.610968019758673,0.04,0.0,0.09431711332536,-0.08898034547614964,-0.11136974794248108,0.040419450355330865,-0.0040618224565854245,-0.014853542721119061,-0.00018212733816316712,-0.007072249692197311,-0.007463022571385184,0.005610283970675274,0.4360000784125729,0.027677740609066054,0.01135856442998025,0.022300272278411967,0.00889852929193741,-0.00277831633678185,-0.013720024185213568,-0.0003182811987390115,-0.00277831633678185,cross_fitted,season_grid_average,example_precomputed_capabilities,0.7175535672533424,-3.469446951953614e-18,0.0,0.008580248093198399,0.42707509011966566,0.027677740609066054,0.4360000784125729,0.49999999999999994,0.6499999999999999,0.009548746257933824,0.005801242390389705,-0.018128994351132223,0.1504570008232779,2.273130150391829,-1.6154729043337346,0.6576572460580943,0.0,1493.3874168441187,revised_v3_parallel,prior_similar_races_current_season_only,field_centered_bounded_no_teammate_term,philippestreiff,philippe-streiff,tyrrell,data-general-team-tyrrell,,tyrrell-014|tyrrell-015,ambiguous_chassis_constructor_fallback,constructor:tyrrell,,finished,17.0,17,True,,1:28.639,True,True,10.0,11.0,-1.0,True,0.6166666666666667,-0.03333333333333344,0.02726147147008018,-0.09865566815210479,0.09988657377878182,0.06928789566760835,0.050003735247270135,full_same_season_static_retrospective_baseline_v6,constructor_lineage_regulation_and_stability_shrunk,-8.939076800172623,1483.790682797888,1468.682447691049,-0.9240859729120043,1482.8665968249759,1483.524254071034,add28ac765d2963c,0.22413729128014842,0.0044,,,,,,,,,,,,,,,,,0.02840267028970612,-0.09865566815210479,0.09988657377878182,0.06928789566760835,0.050003735247270135,full_same_season_static_retrospective_baseline_v6,constructor_lineage_regulation_and_stability_shrunk,review,baseline_v6_topology_fallback,0.391316917868573,0.024750362489419645,full_same_season_static_retrospective,1462.271896648138,0.055974348770775346,11,11,4.0,6146.415,69.0,0.057971014492753624,0.7,lap_equivalent,,1.0,scheduled_distance_unavailable_assume_full,1497.5712628800197,0.03410355096016899,11.0,9.1,-2.8216073428042203,1.0,12.0,1.0,-0.31006674096749676,1.0,0.7608859102526822,-0.09437016577605455,0.004349118184611663,6.774446969035951,1,-0.0987192839606662,-0.09621534637509241,0.5833333333333333,0.4871179869582408,all_field_expected_seconds_gap_residual_same_car_crossfit_v7_4,414,16,16.0,1.0,24.0,6.0,28.0,9.0,384.0,96.0,1463.1394160376403,1495.2556583643434,0,1.0,8,-0.8675193895023666,0.4589194816067621,0.5330880185633949,-0.045970031605154116,-1.2055048372087003,1461.0663918109292,1461.0663918109292,1480.7281622903993,retrospective_first_five_backcast_previous_season_anchor_frozen_v7_5
rothengatter,1986,Canadian Grand Prix,Huub Rothengatter,Zakspeed,Zakspeed,24,0.0012623457995344727,0.2561045814656046,1983-1988_turbo,69,0.0,19.52,19.52,4.188,villeneuve,0.7047039781314537,open_meteo_era5_air_temperature_track_proxy,6,1986-06-15,jolpica_cross_fitted_xw_xp,0.0,12,+6 Laps,12.0,4.7728646913175075,8,prior_same_circuit_grid_movement,finished,0.4325744123826375,True,1507.8246822978233,0.0,0.4979880730581617,-0.03840746962482728,-1.2419164457337457,-0.0924598869401195,-0.017283361331172278,-1.5523955571671821,-0.013868983041017925,2.310082201482647,0.009534450123131375,0.2778758554549328,18.330979469081612,0.0,0.0,0.0,-0.017283361331172278,-1.5523955571671821,-0.013868983041017925,-0.0014923649073414838,-0.014203771430479815,-0.00033052070748701364,0.007260258600826925,-0.15580604073796558,0.0015050632004522297,0.3293401070827731,0.017547778645785533,0.0019087554524719061,0.01441101638490902,0.001626736030073027,-0.00038763385199468733,-0.012889894784431801,-0.00010561442959580811,-0.00038763385199468733,cross_fitted,season_grid_average,example_precomputed_capabilities,0.7175535672533424,0.0,0.0,0.0015211216004772188,0.18229938814608668,0.017547778645785533,0.3293401070827731,0.49999999999999994,0.6499999999999999,0.008013328522654156,0.09557646730884614,-0.009534450123131375,0.2637908112117339,4.519407798856058,-1.6154729043337346,2.9039348945223233,0.0,1510.7286171923456,revised_v3_parallel,prior_similar_races_current_season_only,field_centered_bounded_no_teammate_term,huubrothengatter,huub-rothengatter,zakspeed,west-zakspeed-racing,zakspeed-861,zakspeed-861,exact_chassis,zakspeed-861,,finished,24.0,24,True,,1:32.113,True,True,12.0,12.0,0.0,True,0.6166666666666667,-0.07499999999999996,-0.14031354563969675,-0.09142889173021708,0.08238636654559045,-0.4039432127969665,0.012935931490881061,full_same_season_static_retrospective_baseline_v6,constructor_lineage_regulation_and_stability_shrunk,-37.00866594131555,1470.8160163565078,1448.9263430832727,-2.265236314507036,1468.5507800420007,1471.454714936523,add28ac765d2963c,0.22413729128014842,0.0044,,,,,,,,,,,,,,,,,-0.14180679719273295,-0.09142889173021708,0.08238636654559045,-0.4039432127969665,0.012935931490881061,full_same_season_static_retrospective_baseline_v6,constructor_lineage_regulation_and_stability_shrunk,review,baseline_v6_topology_fallback,-0.38091316047506063,0.002725000148291819,full_same_season_static_retrospective,1478.7373639372806,0.0,12,12,6.0,6146.415,69.0,0.08695652173913043,0.7,lap_equivalent,,1.0,scheduled_distance_unavailable_assume_full,1481.1586063290101,0.032017284912276074,11.0,7.699999999999999,-3.5048985948858276,0.0,12.0,1.0,-0.4551816356994582,1.0,0.7608859102526822,-0.13853651728379482,-0.026940325414191803,4.919648206622148,1,-0.11159619186960301,-0.10909225428402922,0.5416666666666667,0.4325744123826375,all_field_expected_seconds_gap_residual_same_car_crossfit_v7_4,414,16,16.0,1.0,24.0,6.0,28.0,9.0,384.0,96.0,1481.24180010703,1495.2556583643434,0,1.0,4,-2.5044361697493867,0.4750133907975714,0.45672672988648094,-0.024152317503843446,-0.6818796987772442,1478.0554842385034,1478.0554842385034,1523.6647513494722,retrospective_first_five_backcast_previous_season_anchor_frozen_v7_5
patrese,1986,Canadian Grand Prix,Riccardo Patrese,Brabham,Brabham,9,0.012699456048162902,0.5520779369461696,1983-1988_turbo,69,0.0,19.52,19.52,4.188,villeneuve,0.7047039781314537,open_meteo_era5_air_temperature_track_proxy,6,1986-06-15,jolpica_cross_fitted_xw_xp,0.0,13,Turbo,-4.0,4.7728646913175075,8,prior_same_circuit_grid_movement,mechanical,,False,1431.1114070394567,0.0,0.4238268336189142,-0.8481146788788296,0.08161414487036103,-0.9638423168463814,-0.38165160549547333,0.10201768108795128,-0.14457634752695722,2.310082201482647,0.029619606803892314,0.5377961150848894,12.092893237962652,0.0,0.0,0.0,-0.38165160549547333,0.10201768108795128,-0.14457634752695722,-0.012002372397663191,-0.018563281163751867,-0.0033792208262927153,-0.05484785236211009,-0.0015442652191176858,-0.01847590099745136,0.5639999215874272,0.046592043997746205,0.020709897661565026,0.027279149598244953,0.014630789758896567,-0.0080627280515266,-0.014631979988206527,-0.0019836201488581413,-0.0080627280515266,cross_fitted,season_grid_average,example_precomputed_capabilities,0.7175535672533424,-6.938893903907228e-18,0.0,0.012647169610038426,0.48913190300874804,0.046592043997746205,0.5639999215874272,0.49999999999999994,0.6499999999999999,0.016972437193853888,0.04866421207614141,-0.029619606803892314,,0.0,0.0,0.0,0.0,1431.1114070394567,revised_v3_parallel,prior_similar_races_current_season_only,field_centered_bounded_no_teammate_term,riccardopatrese,riccardo-patrese,brabham,olivetti-brabham,,brabham-bt54|brabham-bt55,ambiguous_chassis_constructor_fallback,constructor:brabham,Turbo,mechanical,9.0,9,True,,1:26.483,True,False,,,,False,0.6166666666666667,,-0.12555345654276892,0.7050856684992332,0.09988657377878182,-0.31327778486107916,0.01676096894068255,full_same_season_static_retrospective_baseline_v6,constructor_lineage_regulation_and_stability_shrunk,79.52294399727813,1510.6343510367349,1461.452171707311,1.204364190470974,1511.8387152272057,1511.8387152272057,add28ac765d2963c,0.22413729128014842,0.0044,,,,,,,,,,,,,,,,,-0.1369582889717424,0.7050856684992332,0.09988657377878182,-0.31327778486107916,0.01676096894068255,full_same_season_static_retrospective_baseline_v6,constructor_lineage_regulation_and_stability_shrunk,review,baseline_v6_topology_fallback,-0.23630094498394785,0.004119147568398141,full_same_season_static_retrospective,1487.688312127897,0.011053383371928316,13,DNF,,6146.415,69.0,,0.0,unavailable,,1.0,scheduled_distance_unavailable_assume_full,1467.6727894973067,0.030398929202875114,0.0,0.0,0.0,0.0,,0.0,,0.0,0.0,0.0,-0.014012291678517653,3.33190887100553,2,0.014012291678517653,0.0,,,all_field_expected_seconds_gap_residual_same_car_crossfit_v7_4,414,16,16.0,1.0,24.0,6.0,28.0,9.0,384.0,96.0,1486.5143944961974,1480.01244900632,0,1.0,69,1.1739176316995539,0.4837833295056669,0.4832141597741246,,0.0,1487.688312127897,1487.688312127897,1425.5683141942466,retrospective_first_five_backcast_previous_season_anchor_frozen_v7_5
ghinzani,1986,Canadian Grand Prix,Piercarlo Ghinzani,Osella,Osella,23,0.0008962734141683427,0.21735957502604356,1983-1988_turbo,69,0.0,19.52,19.52,4.188,villeneuve,0.7047039781314537,open_meteo_era5_air_temperature_track_proxy,6,1986-06-15,jolpica_cross_fitted_xw_xp,0.0,14,Gearbox,9.0,4.7728646913175075,8,prior_same_circuit_grid_movement,mechanical,,False,1498.3904660787352,0.0,0.48881159402343394,-0.13798544828013842,-0.605334710900733,-2.5706611150259233,-0.062093451726062295,-0.7566683886259162,-0.3855991672538885,1.8459190704741617,0.010678467169412623,0.3119398510827229,17.51344357401465,0.0,0.0,0.0,-0.062093451726062295,-0.7566683886259162,-0.3855991672538885,-0.0019442258319948772,-0.011707219255908794,-0.0024479127567314956,0.0017725683633893392,-0.05633054604039896,-0.036785154657928275,0.3439099473999512,0.018728146091730208,0.0033959692409124983,0.011917183334037327,0.0034472688300338033,-0.0007671809938174577,-0.009288395086942286,-0.0008184805829387627,-0.0007671809938174577,cross_fitted,season_grid_average,example_precomputed_capabilities,0.7110839858842637,-3.469446951953614e-18,-1.3877787807814457e-17,0.0026287882470950406,0.2525668150650133,0.018728146091730208,0.3439099473999512,0.49999999999999994,0.6499999999999999,0.008049678922317583,0.0593730360177096,-0.010678467169412623,,0.0,0.0,0.0,0.0,1498.3904660787352,revised_v3_parallel,prior_similar_races_current_season_only,field_centered_bounded_no_teammate_term,piercarloghinzani,piercarlo-ghinzani,osella,osella-squadra-corse,,osella-fa1f|osella-fa1g|osella-fa1h,ambiguous_chassis_constructor_fallback,constructor:osella,Gearbox,mechanical,23.0,23,True,,1:31.479,True,False,,,,False,0.6166666666666667,,-0.3570860773578634,-0.2774714707406423,0.09988657377878182,-0.9966750210505574,0.0023785459940048664,full_same_season_static_retrospective_baseline_v6,constructor_lineage_regulation_and_stability_shrunk,-61.43410821629237,1436.956357862443,1306.67528661919,-1.4201853182114232,1435.5361725442315,1435.5361725442315,add28ac765d2963c,0.22413729128014842,0.0044,,,,,,,,,,,,,,,,,-0.3526320674207557,-0.2774714707406423,0.09988657377878182,-0.9966750210505574,0.0023785459940048664,full_same_season_static_retrospective_baseline_v6,constructor_lineage_regulation_and_stability_shrunk,review,baseline_v6_topology_fallback,-1.3870387607674681,0.00015378863954899723,full_same_season_static_retrospective,1384.9353404615892,-0.07080327401871449,14,DNF,,6146.415,69.0,,0.0,unavailable,,1.0,scheduled_distance_unavailable_assume_full,1310.969129515262,0.016638195727158394,0.0,0.0,0.0,0.0,,0.0,,0.0,0.0,0.0,-0.02076368728414625,1.4553291683340144,1,0.02076368728414625,0.0,,,all_field_expected_seconds_gap_residual_same_car_crossfit_v7_4,414,16,16.0,1.0,24.0,6.0,28.0,9.0,384.0,96.0,1386.4092883032347,1500.228386726584,0,1.0,14,-1.4739478416454683,0.384814776677856,0.25703706265304493,,0.0,1384.9353404615892,1384.9353404615892,1468.7579793155855,retrospective_first_five_backcast_previous_season_anchor_frozen_v7_5
cesaris,1986,Canadian Grand Prix,Andrea de Cesaris,Minardi,Minardi,21,0.0003312420895469775,0.11753664316470554,1983-1988_turbo,69,0.0,19.52,19.52,4.188,villeneuve,0.7047039781314537,open_meteo_era5_air_temperature_track_proxy,6,1986-06-15,jolpica_cross_fitted_xw_xp,0.0,15,Gearbox,6.0,4.7728646913175075,8,prior_same_circuit_grid_movement,mechanical,,False,1368.990689710961,0.0,0.36572562529066227,-1.503797707605036,-1.2560903823170373,-0.8525543683974993,-0.6767089684222662,-1.5701129778962966,-0.1278831552596249,1.8459190704741617,0.01126226888016348,0.2969074770310107,17.874220551255743,0.0,0.0,0.0,-0.6767089684222662,-1.5701129778962966,-0.1278831552596249,-0.005358285869678766,-0.013823690636614906,-0.0009583203282793136,-0.06497335822466713,-0.14572905161466818,-0.009014348524288117,0.37380834245827893,0.021332417297449974,0.0021589902717636315,0.010217563312102888,0.001342739370512072,-0.0009668698088866445,-0.009025442849225901,-0.00015061890763508508,-0.0009668698088866445,cross_fitted,season_grid_average,example_precomputed_capabilities,0.7110839858842637,0.0,-2.7755575615628914e-17,0.001192120462876987,0.15409158409465548,0.021332417297449974,0.37380834245827893,0.49999999999999994,0.6499999999999999,0.010070148417286493,0.14281589293635524,-0.01126226888016348,,0.0,0.0,0.0,0.0,1368.990689710961,revised_v3_parallel,prior_similar_races_current_season_only,field_centered_bounded_no_teammate_term,andreadecesaris,andrea-de-cesaris,minardi,minardi-team,,minardi-m185b|minardi-m186,ambiguous_chassis_constructor_fallback,constructor:minardi,Gearbox,mechanical,21.0,21,True,,1:29.854,True,False,,,,False,0.6166666666666667,,-0.49900335677007535,-1.4012214356197206,0.08238636654559045,-1.4237421307698324,0.0007020838989300009,full_same_season_static_retrospective_baseline_v6,constructor_lineage_regulation_and_stability_shrunk,66.05562909106997,1435.046318802031,1321.4036600765326,-0.6204821045448206,1434.4258366974861,1434.4258366974861,add28ac765d2963c,0.22413729128014842,0.0044,,,,,,,,,,,,,,,,,-0.4704772218971411,-1.4012214356197206,0.08238636654559045,-1.4237421307698324,0.0007020838989300009,full_same_season_static_retrospective_baseline_v6,constructor_lineage_regulation_and_stability_shrunk,review,baseline_v6_topology_fallback,-2.1516804966292575,1.7303149126323168e-05,full_same_season_static_retrospective,1434.2525137647829,-0.022647961247496316,15,DNF,,6146.415,69.0,,0.0,unavailable,,1.0,scheduled_distance_unavailable_assume_full,1317.1364503922478,0.017037579523478133,0.0,0.0,0.0,0.0,,0.0,,0.0,0.0,0.0,-0.001300299720200797,0.16289359533292108,1,0.001300299720200797,0.0,,,all_field_expected_seconds_gap_residual_same_car_crossfit_v7_4,414,16,16.0,1.0,24.0,6.0,28.0,9.0,384.0,96.0,1435.3030305381192,1503.5300309310708,0,1.0,41,-1.050516773336204,0.43172166571392173,0.31829585582288933,,0.0,1434.2525137647829,1434.2525137647829,1436.1168052919948,retrospective_first_five_backcast_previous_season_anchor_frozen_v7_5
boutsen,1986,Canadian Grand Prix,Thierry Boutsen,Arrows,Arrows,12,0.035907357850404595,0.6980267581840468,1983-1988_turbo,69,0.0,19.52,19.52,4.188,villeneuve,0.7047039781314537,open_meteo_era5_air_temperature_track_proxy,6,1986-06-15,jolpica_cross_fitted_xw_xp,0.0,16,Electrical,-4.0,4.7728646913175075,8,prior_same_circuit_grid_movement,mechanical,,False,1485.0194004920747,0.0,0.4758146444771789,-0.27911679959402097,0.4506479523339261,0.7837961647628782,-0.12560255981730944,0.5633099404174077,0.11756942471443171,2.310082201482647,0.030246798157415516,0.5388531855560086,12.067523546655794,0.04,0.0,0.09431711332536,-0.12560255981730944,0.5633099404174077,0.11756942471443171,-0.008235518185702218,-0.00894400241341155,0.0010210560314790173,-0.019672880872810806,0.07145849052974886,0.013303259580390763,0.5160720813229435,0.038326030441232894,0.03039056619358301,0.03148999215623659,0.021849198972347945,-0.00822300031998487,-0.009322426282638446,0.0003183669012501965,-0.00822300031998487,cross_fitted,season_grid_average,example_precomputed_capabilities,0.7175535672533424,-3.469446951953614e-18,0.0,0.022167565873598142,0.5811609505602723,0.038326030441232894,0.5160720813229435,0.49999999999999994,0.6499999999999999,0.008079232283817375,-0.0423077650042637,-0.030246798157415516,,0.0,0.0,0.0,0.0,1485.0194004920747,revised_v3_parallel,prior_similar_races_current_season_only,field_centered_bounded_no_teammate_term,thierryboutsen,thierry-boutsen,arrows,barclay-arrows-bmw,,arrows-a8|arrows-a9,ambiguous_chassis_constructor_fallback,constructor:arrows,Electrical,mechanical,12.0,12,True,,1:27.614,True,False,,,,False,0.6166666666666667,,-0.05229227526374517,0.3236857478585865,0.09988657377878182,-0.09307185151477702,0.03144414243227513,full_same_season_static_retrospective_baseline_v6,constructor_lineage_regulation_and_stability_shrunk,-6.131019567438381,1478.8883809246363,1472.9733406361306,0.4963268409263013,1479.3847077655626,1479.3847077655626,add28ac765d2963c,0.22413729128014842,0.0044,,,,,,,,,,,,,,,,,-0.04445395040459059,0.3236857478585865,0.09988657377878182,-0.09307185151477702,0.03144414243227513,full_same_season_static_retrospective_baseline_v6,constructor_lineage_regulation_and_stability_shrunk,review,baseline_v6_topology_fallback,0.06494229624139342,0.009740975006778695,full_same_season_static_retrospective,1480.7769574440908,0.08765922860200315,16,DNF,,6146.415,69.0,,0.0,unavailable,,1.0,scheduled_distance_unavailable_assume_full,1508.295870106952,0.03553968651033102,0.0,0.0,0.0,0.0,,0.0,,0.0,0.0,0.0,-0.01642509124117415,5.1926948670729995,2,0.01642509124117415,0.0,,,all_field_expected_seconds_gap_residual_same_car_crossfit_v7_4,414,16,16.0,1.0,24.0,6.0,28.0,9.0,384.0,96.0,1480.4190887573127,1489.96598131154,0,1.0,31,0.35786868677826017,0.47701073339270567,0.5700423946330104,,0.0,1480.7769574440908,1480.7769574440908,1482.637889857529,retrospective_first_five_backcast_previous_season_anchor_frozen_v7_5
berger,1986,Canadian Grand Prix,Gerhard Berger,Benetton,Benetton,7,0.05498865441170999,0.7544373687520219,1983-1988_turbo,69,0.0,19.52,19.52,4.188,villeneuve,0.7047039781314537,open_meteo_era5_air_temperature_track_proxy,6,1986-06-15,jolpica_cross_fitted_xw_xp,0.0,17,Turbo,-10.0,4.7728646913175075,8,prior_same_circuit_grid_movement,mechanical,,False,1467.1531745367583,0.0,0.45848963759051314,-0.4676944859130901,0.9537021289078759,1.2966080131999942,-0.21046251866089055,1.1921276611348448,0.1944912019799991,2.310082201482647,0.05296419900352206,0.6390026220221268,9.663937071468958,0.0,0.0,0.0,-0.21046251866089055,1.1921276611348448,0.1944912019799991,-0.019640219430533963,0.014950055054262178,0.00447661748040239,-0.03773316413590538,0.14167251029483707,0.02055484249558498,0.5954296559930459,0.05307097245145676,0.07853325733599724,0.042910742316554826,0.04922921982900183,-0.025675831780409872,0.009946683239032542,0.003628205726585537,-0.025675831780409872,cross_fitted,season_grid_average,example_precomputed_capabilities,0.7175535672533424,0.0,0.0,0.05285742555558737,0.7199238446475625,0.05307097245145676,0.5954296559930459,0.49999999999999994,0.6499999999999999,0.00010677344793469379,-0.08092122262543577,-0.05296419900352206,,0.0,0.0,0.0,0.0,1467.1531745367583,revised_v3_parallel,prior_similar_races_current_season_only,field_centered_bounded_no_teammate_term,gerhardberger,gerhard-berger,benetton,benetton-formula,benetton-b186,benetton-b186,exact_chassis,benetton-b186,Turbo,mechanical,7.0,7,True,,1:26.439,True,False,,,,False,0.6166666666666667,,-0.021821364725714047,0.0,0.0,-0.07227438593957006,0.03336922425946979,full_same_season_static_retrospective_baseline_v6,constructor_lineage_regulation_and_stability_shrunk,4.634730771175054,1471.7879053079334,1467.8782644118146,1.7291880675826699,1473.5170933755162,1473.5170933755162,add28ac765d2963c,0.22413729128014842,0.0044,,,,,,,,,,,,,,,,,-0.023852070180464688,0.0,0.0,-0.07227438593957006,0.03336922425946979,full_same_season_static_retrospective_baseline_v6,constructor_lineage_regulation_and_stability_shrunk,review,baseline_v6_topology_fallback,0.19275128333750335,0.01403437602838506,full_same_season_static_retrospective,1475.2973070253875,0.11475607212182512,17,DNF,,6146.415,69.0,,0.0,unavailable,,1.0,scheduled_distance_unavailable_assume_full,1503.4413770139986,0.03488227688759602,0.0,0.0,0.0,0.0,,0.0,,0.0,0.0,0.0,-0.006891498867960032,3.7746462634860722,1,0.006891498867960032,0.0,,,all_field_expected_seconds_gap_residual_same_car_crossfit_v7_4,414,16,16.0,1.0,24.0,6.0,28.0,9.0,384.0,96.0,1473.6602152869802,1495.2556583643434,0,1.0,19,1.6370917384072192,0.4716462045532004,0.5934936976074404,,0.0,1475.2973070253875,1475.2973070253875,1447.6298401513602,retrospective_first_five_backcast_previous_season_anchor_frozen_v7_5
johansson,1986,Canadian Grand Prix,Stefan Johansson,Ferrari,Ferrari,18,0.016243554848084218,0.5868479235691157,1983-1988_turbo,69,0.0,19.52,19.52,4.188,villeneuve,0.7047039781314537,open_meteo_era5_air_temperature_track_proxy,6,1986-06-15,jolpica_cross_fitted_xw_xp,0.0,18,Accident,0.0,4.7728646913175075,8,prior_same_circuit_grid_movement,driver_fault,0.0,True,1456.0488760831497,0.0,0.44776055699319456,-0.5849001518335315,0.6862196915657991,-0.42050328557553224,-0.26320506832508916,0.8577746144572489,-0.06307549283632984,2.310082201482647,0.02073144411008591,0.4560557100487529,14.05466295882993,0.02,0.0,0.05880602015151773,-0.26320506832508916,0.8577746144572489,-0.06307549283632984,-0.007948135106372031,-0.0007693392430523141,-0.0016862624817561831,-0.0367504390445659,0.14743299700562842,-0.008279680872326278,0.4202147030676952,0.025933312525676176,0.023837391995885266,0.017334395327250035,0.01718446785871104,-0.008307816301389619,-0.001804819632754388,-0.0016548921642153946,-0.008307816301389619,cross_fitted,season_grid_average,example_precomputed_capabilities,0.7175535672533424,0.0,0.0,0.015529575694495647,0.5226175801564314,0.025933312525676176,0.4202147030676952,0.49999999999999994,0.6499999999999999,0.005201868415590264,-0.06656187010767856,-0.02073144411008591,-0.4560557100487529,-8.706557439519614,-1.6154729043337355,-10.32203034385335,0.0,1445.7268457392963,revised_v3_parallel,prior_similar_races_current_season_only,field_centered_bounded_no_teammate_term,stefanjohansson,stefan-johansson,ferrari,scuderia-ferrari-spa-sefac,ferrari-f1-86,ferrari-f1-86,exact_chassis,ferrari-f1-86,Accident,driver_fault,18.0,18,True,,1:28.881,True,False,,,,True,0.6166666666666667,-0.6166666666666667,0.02601348334662975,1.2433864937058297,0.09988657377878182,0.20231173441516098,0.07312467186974238,full_same_season_static_retrospective_baseline_v6,constructor_lineage_regulation_and_stability_shrunk,-0.602501541362891,1455.4463745417868,1488.3703573815956,-1.0693313011173178,1454.3770432406695,1444.0550128968162,add28ac765d2963c,0.22413729128014842,0.0044,,,,,,,,,,,,,,,,,0.03244844505902475,1.2433864937058297,0.09988657377878182,0.20231173441516098,0.07312467186974238,full_same_season_static_retrospective_baseline_v6,constructor_lineage_regulation_and_stability_shrunk,review,baseline_v6_topology_fallback,0.507473288369391,0.0344915883798459,full_same_season_static_retrospective,1470.954896198773,0.08367376791579863,18,DNF,,6146.415,69.0,,0.0,unavailable,,1.0,scheduled_distance_unavailable_assume_full,1521.3902500777426,0.037375410010049896,0.0,0.0,0.0,0.0,,0.0,,0.0,0.0,0.0,0.009027799973625544,4.917167135508703,1,-0.009027799973625544,0.0,0.0,0.0,all_field_expected_seconds_gap_residual_same_car_crossfit_v7_4,414,16,16.0,1.0,24.0,6.0,28.0,9.0,384.0,96.0,1472.1854186283826,1489.96598131154,0,1.0,24,-1.2305224296096209,0.46739903722610004,0.5792593833557675,-0.5792593833557675,-14.004449279223422,1456.9504469195494,1456.9504469195494,1463.3078110715921,retrospective_first_five_backcast_previous_season_anchor_frozen_v7_5
dumfries,1986,Canadian Grand Prix,Johnny Dumfries,Team Lotus,Team Lotus,16,0.004343230200230664,0.40692972821793183,1983-1988_turbo,69,0.0,19.52,19.52,4.188,villeneuve,0.7047039781314537,open_meteo_era5_air_temperature_track_proxy,6,1986-06-15,jolpica_cross_fitted_xw_xp,0.0,19,Accident,-3.0,4.7728646913175075,8,prior_same_circuit_grid_movement,driver_fault,0.0,True,1483.032226996884,0.0,0.4738847949409337,-0.30009137928280744,0.886742120088026,0.8620841440445022,-0.13504112067726334,1.1084276501100325,0.1293126216066753,2.310082201482647,0.02868993407643683,0.5102269684202076,12.754552757915016,0.04,0.0,0.09431711332536,-0.13504112067726334,1.1084276501100325,0.1293126216066753,-0.008678179366521238,0.005808633574206016,0.0011703954461612454,-0.021383511950372608,0.17293557412747684,0.015098182314754736,0.4518993828480569,0.029539509249513818,0.038737661562707956,0.024274246375754635,0.02710398523935648,-0.010897302659348115,0.003566112527605206,0.0007363736640033612,-0.010897302659348115,cross_fitted,season_grid_average,example_precomputed_capabilities,0.7175535672533424,0.0,2.7755575615628914e-17,0.02784035890335984,0.6185496273399159,0.029539509249513818,0.4518993828480569,0.49999999999999994,0.6499999999999999,0.0008495751730769885,-0.10832265891970827,-0.02868993407643683,-0.5102269684202076,-9.872643849398221,-1.6154729043337337,-11.488116753731955,0.0,1471.544110243152,revised_v3_parallel,prior_similar_races_current_season_only,field_centered_bounded_no_teammate_term,johnnydumfries,johnny-dumfries,lotus,john-player-special-team-lotus,lotus-98t,lotus-98t,exact_chassis,lotus-98t,Accident,driver_fault,16.0,16,True,,1:28.521,True,False,,,,True,0.6166666666666667,-0.6166666666666667,0.0819626897814943,0.9744319302542926,0.09988657377878182,0.3075243547232343,0.09876796436782291,full_same_season_static_retrospective_baseline_v6,constructor_lineage_regulation_and_stability_shrunk,-0.12735596847514088,1482.904871028409,1449.0285868182914,-0.822357664515817,1482.0825133638932,1470.5943966101613,add28ac765d2963c,0.22413729128014842,0.0044,,,,,,,,,,,,,,,,,0.07950512580689774,0.9744319302542926,0.09988657377878182,0.3075243547232343,0.09876796436782291,full_same_season_static_retrospective_baseline_v6,constructor_lineage_regulation_and_stability_shrunk,review,baseline_v6_topology_fallback,0.7395581606006929,0.06694123293878607,full_same_season_static_retrospective,1423.9216183198735,0.0,19,DNF,,6146.415,69.0,,0.0,unavailable,,1.0,scheduled_distance_unavailable_assume_full,1457.9693074522231,0.029285318033068105,0.0,0.0,0.0,0.0,,0.0,,0.0,0.0,0.0,0.020554424664410896,6.926296532238194,1,-0.020554424664410896,0.0,0.0,0.0,all_field_expected_seconds_gap_residual_same_car_crossfit_v7_4,414,16,16.0,1.0,24.0,6.0,28.0,9.0,384.0,96.0,1424.4266384404327,1496.835002447699,0,1.0,2,-0.5050201205592703,0.4217776323368094,0.45872507516212563,-0.45872507516212563,-11.111625882576016,1412.8099924372975,1412.8099924372975,1436.6613424603734,retrospective_first_five_backcast_previous_season_anchor_frozen_v7_5
palmer,1986,Canadian Grand Prix,Jonathan Palmer,Zakspeed,Zakspeed,22,0.0008690869833653139,0.21395910848909352,1983-1988_turbo,69,0.0,19.52,19.52,4.188,villeneuve,0.7047039781314537,open_meteo_era5_air_temperature_track_proxy,6,1986-06-15,jolpica_cross_fitted_xw_xp,0.0,20,Engine,2.0,4.7728646913175075,8,prior_same_circuit_grid_movement,mechanical,,False,1498.4226823745776,0.0,0.4888429259336254,-0.1376454058701236,-1.2419164457337457,-0.0924598869401195,-0.061940432641555625,-1.5523955571671821,-0.013868983041017925,2.310082201482647,0.010838728045537174,0.3014636462854533,17.76487248914912,0.0,0.0,0.0,-0.061940432641555625,-1.5523955571671821,-0.013868983041017925,-0.001988158048937104,-0.015938124256413343,-0.00037208567945364355,0.0017906496781090694,-0.16678914415425594,0.0013525218667610563,0.3587397366987384,0.01998791203793922,0.0021741803823761108,0.01589605778780121,0.0018067964283427183,-0.0004846363292409818,-0.014206513734666082,-0.00011725237520758937,-0.0004846363292409818,cross_fitted,season_grid_average,example_precomputed_capabilities,0.7175535672533424,0.0,0.0,0.001689544053135129,0.19509376408935256,0.01998791203793922,0.3587397366987384,0.49999999999999994,0.6499999999999999,0.009149183992402044,0.10636988219610075,-0.010838728045537174,,0.0,0.0,0.0,0.0,1498.4226823745776,revised_v3_parallel,prior_similar_races_current_season_only,field_centered_bounded_no_teammate_term,jonathanpalmer,jonathan-palmer,zakspeed,west-zakspeed-racing,zakspeed-861,zakspeed-861,exact_chassis,zakspeed-861,Engine,mechanical,22.0,22,True,,1:30.005,True,False,,,,False,0.6166666666666667,,-0.14031354563969675,-0.09142889173021708,0.08238636654559045,-0.4039432127969665,0.012935931490881061,full_same_season_static_retrospective_baseline_v6,constructor_lineage_regulation_and_stability_shrunk,-55.536198901546484,1442.8864834730311,1388.7966931180779,-1.6152626403422246,1441.2712208326889,1441.2712208326889,add28ac765d2963c,0.22413729128014842,0.0044,,,,,,,,,,,,,,,,,-0.14180679719273295,-0.09142889173021708,0.08238636654559045,-0.4039432127969665,0.012935931490881061,full_same_season_static_retrospective_baseline_v6,constructor_lineage_regulation_and_stability_shrunk,review,baseline_v6_topology_fallback,-0.38091316047506063,0.002725000148291819,full_same_season_static_retrospective,1419.447076576601,-0.013396022896285626,20,DNF,,6146.415,69.0,,0.0,unavailable,,1.0,scheduled_distance_unavailable_assume_full,1415.0452886003056,0.02482854301074168,0.0,0.0,0.0,0.0,,0.0,,0.0,0.0,0.0,-0.02383799091594115,2.042393426210752,1,0.02383799091594115,0.0,,,all_field_expected_seconds_gap_residual_same_car_crossfit_v7_4,414,16,16.0,1.0,24.0,6.0,28.0,9.0,384.0,96.0,1421.1121501418352,1489.96598131154,0,1.0,12,-1.6650735652343114,0.4174877193473705,0.3876495316441918,,0.0,1419.447076576601,1419.447076576601,1492.2239243088425,retrospective_first_five_backcast_previous_season_anchor_frozen_v7_5
warwick,1986,Canadian Grand Prix,Derek Warwick,Brabham,Brabham,10,0.012182730647992149,0.5462400901352429,1983-1988_turbo,69,0.0,19.52,19.52,4.188,villeneuve,0.7047039781314537,open_meteo_era5_air_temperature_track_proxy,6,1986-06-15,jolpica_cross_fitted_xw_xp,0.0,21,Engine,-11.0,4.7728646913175075,8,prior_same_circuit_grid_movement,mechanical,,False,1432.3911861200502,3.558358625260553,0.4250485507148292,-0.8346066342239904,0.08161414487036103,-0.9638423168463814,-0.3755729854007957,0.10201768108795128,-0.14457634752695722,2.310082201482647,0.027778885810849523,0.5240219029861166,12.423474328333201,0.0,0.0,0.0,-0.3755729854007957,0.10201768108795128,-0.14457634752695722,-0.01115798975529903,-0.017423666798832765,-0.003171603116067615,-0.05328621579585217,0.0027599348189820037,-0.018270045211205628,0.5481006171519431,0.04365551564594923,0.019404627567620625,0.02567082576317784,0.01376964667004187,-0.007502371591870805,-0.013768569787428022,-0.0018673906942920492,-0.007502371591870805,cross_fitted,season_grid_average,example_precomputed_capabilities,0.7175535672533424,0.0,0.0,0.01190225597574982,0.47930429096386734,0.04365551564594923,0.5481006171519431,0.49999999999999994,0.6499999999999999,0.0158766298350997,0.044717612022249276,-0.027778885810849523,,0.0,0.0,0.0,0.0,1432.3911861200502,revised_v3_parallel,prior_similar_races_current_season_only,field_centered_bounded_no_teammate_term,derekwarwick,derek-warwick,brabham,olivetti-brabham,,brabham-bt54|brabham-bt55,ambiguous_chassis_constructor_fallback,constructor:brabham,Engine,mechanical,10.0,10,True,,1:27.413,True,False,,,,False,0.6166666666666667,,-0.12555345654276892,0.7050856684992332,0.09988657377878182,-0.31327778486107916,0.01676096894068255,full_same_season_static_retrospective_baseline_v6,constructor_lineage_regulation_and_stability_shrunk,62.14338717492322,1494.5345732949734,1495.1358386416969,1.0426456145498753,1495.5772189095233,1495.5772189095233,add28ac765d2963c,0.22413729128014842,0.0044,,,,,,,,,,,,,,,,,-0.1369582889717424,0.7050856684992332,0.09988657377878182,-0.31327778486107916,0.01676096894068255,full_same_season_static_retrospective_baseline_v6,constructor_lineage_regulation_and_stability_shrunk,review,baseline_v6_topology_fallback,-0.23630094498394785,0.004119147568398141,full_same_season_static_retrospective,1520.9286866587001,0.032407406482435085,21,DNF,,6146.415,69.0,,0.0,unavailable,,1.0,scheduled_distance_unavailable_assume_full,1508.6102274030966,0.035582682342724124,0.0,0.0,0.0,0.0,,0.0,,0.0,0.0,0.0,0.0017708346483982325,2.6992006467914313,2,-0.0017708346483982325,0.0,,,all_field_expected_seconds_gap_residual_same_car_crossfit_v7_4,414,16,16.0,1.0,24.0,6.0,28.0,9.0,384.0,96.0,1520.1980614305833,1500.228386726584,0,1.0,29,0.7306252281168042,0.5163876120508102,0.5363394315310569,,0.0,1520.9286866587001,1520.9286866587001,1456.3297579284792,retrospective_first_five_backcast_previous_season_anchor_frozen_v7_5
nannini,1986,Canadian Grand Prix,Alessandro Nannini,Minardi,Minardi,20,0.0002766329937948243,0.10229533633453976,1983-1988_turbo,69,0.0,19.52,19.52,4.188,villeneuve,0.7047039781314537,open_meteo_era5_air_temperature_track_proxy,6,1986-06-15,jolpica_cross_fitted_xw_xp,0.0,22,Turbo,-2.0,4.7728646913175075,8,prior_same_circuit_grid_movement,mechanical,,False,1487.3939116951738,0.0,0.47812136951405576,-0.2540538775231245,-1.2560903823170373,-0.8525543683974993,-0.11432424488540605,-1.5701129778962966,-0.1278831552596249,1.8459190704741617,0.012253653947765536,0.3224694000083118,17.260734399800516,0.0,0.0,0.0,-0.11432424488540605,-1.5701129778962966,-0.1278831552596249,-0.0025675011814587116,-0.017308093708043374,-0.0011518210909541818,-0.004715083393704763,-0.1755023315008506,-0.01013625222112734,0.3890931834988008,0.022767361937993672,0.0023042167351435463,0.016289639936669167,0.0019668400926717584,-0.0005642707776061426,-0.014549693979131764,-0.00022689413513435472,-0.0005642707776061426,cross_fitted,season_grid_average,example_precomputed_capabilities,0.7110839858842637,0.0,-2.7755575615628914e-17,0.0017399459575374037,0.19873951638311807,0.022767361937993672,0.3890931834988008,0.49999999999999994,0.6499999999999999,0.010513707990228133,0.12372988362519374,-0.012253653947765536,,0.0,0.0,0.0,0.0,1487.3939116951738,revised_v3_parallel,prior_similar_races_current_season_only,field_centered_bounded_no_teammate_term,alessandronannini,alessandro-nannini,minardi,minardi-team,,minardi-m185b|minardi-m186,ambiguous_chassis_constructor_fallback,constructor:minardi,Turbo,mechanical,20.0,20,True,,1:29.653,True,False,,,,False,0.6166666666666667,,-0.49900335677007535,-1.4012214356197206,0.08238636654559045,-1.4237421307698324,0.0007020838989300009,full_same_season_static_retrospective_baseline_v6,constructor_lineage_regulation_and_stability_shrunk,-4.923215065758532,1482.4706966294152,1310.2579965182433,-0.5935356893198477,1481.8771609400953,1481.8771609400953,add28ac765d2963c,0.22413729128014842,0.0044,,,,,,,,,,,,,,,,,-0.4704772218971411,-1.4012214356197206,0.08238636654559045,-1.4237421307698324,0.0007020838989300009,full_same_season_static_retrospective_baseline_v6,constructor_lineage_regulation_and_stability_shrunk,review,baseline_v6_topology_fallback,-2.1516804966292575,1.7303149126323168e-05,full_same_season_static_retrospective,1423.4149101643732,0.0,22,DNF,,6146.415,69.0,,0.0,unavailable,,1.0,scheduled_distance_unavailable_assume_full,1315.4757824435699,0.016929104155895224,0.0,0.0,0.0,0.0,,0.0,,0.0,0.0,0.0,0.001038169480762899,0.16289359533292108,1,-0.001038169480762899,0.0,,,all_field_expected_seconds_gap_residual_same_car_crossfit_v7_4,414,16,16.0,1.0,24.0,6.0,28.0,9.0,384.0,96.0,1424.15736697983,1496.835002447699,0,1.0,1,-0.7424568154566598,0.4212912910726296,0.331548514697395,,0.0,1423.4149101643732,1423.4149101643732,1442.0798030111023,retrospective_first_five_backcast_previous_season_anchor_frozen_v7_5
fabi,1986,Canadian Grand Prix,Teo Fabi,Benetton,Benetton,15,0.04098216125987452,0.7159035081888007,1983-1988_turbo,69,0.0,19.52,19.52,4.188,villeneuve,0.7047039781314537,open_meteo_era5_air_temperature_track_proxy,6,1986-06-15,jolpica_cross_fitted_xw_xp,0.0,23,Battery,-8.0,4.7728646913175075,8,prior_same_circuit_grid_movement,other,0.08333333333333337,False,1489.4340465337573,0.0,0.48010381842410427,-0.23252029182902173,0.9537021289078759,1.2966080131999942,-0.10463413132305978,1.1921276611348448,0.1944912019799991,2.310082201482647,0.03293888365564168,0.5325397211674701,12.219046691980719,0.04,0.0,0.09431711332536,-0.10463413132305978,1.1921276611348448,0.1944912019799991,-0.009272293248006228,0.009326746030461153,0.002770291594124623,-0.01801563918964937,0.17963224014527931,0.02311176921679154,0.4678847916071225,0.031526511467351914,0.04665223800518195,0.02753743844369187,0.03196043031476409,-0.012300982161250487,0.006813817400239595,0.002390825529167376,-0.012300982161250487,cross_fitted,season_grid_average,example_precomputed_capabilities,0.7175535672533424,8.673617379884035e-19,0.0,0.034351255843931464,0.652613161779544,0.031526511467351914,0.4678847916071225,0.49999999999999994,0.6499999999999999,-0.0014123721882897816,-0.12007344061207392,-0.03293888365564168,-0.4492063878341367,0.0,0.0,0.0,0.0,1489.4340465337573,revised_v3_parallel,prior_similar_races_current_season_only,field_centered_bounded_no_teammate_term,teofabi,teo-fabi,benetton,benetton-formula,benetton-b186,benetton-b186,exact_chassis,benetton-b186,Battery,other,15.0,15,True,,1:28.102,True,False,,,,False,0.6166666666666667,,-0.021821364725714047,0.0,0.0,-0.07227438593957006,0.03336922425946979,full_same_season_static_retrospective_baseline_v6,constructor_lineage_regulation_and_stability_shrunk,10.15000754037072,1499.584054074128,1465.6323309759746,-0.4235805803011432,1499.1604734938269,1499.1604734938269,add28ac765d2963c,0.22413729128014842,0.0044,,,,,,,,,,,,,,,,,-0.023852070180464688,0.0,0.0,-0.07227438593957006,0.03336922425946979,full_same_season_static_retrospective_baseline_v6,constructor_lineage_regulation_and_stability_shrunk,review,baseline_v6_topology_fallback,0.19275128333750335,0.01403437602838506,full_same_season_static_retrospective,1471.0642487092089,0.10644009158030028,23,DNF,,6146.415,69.0,,0.0,unavailable,,1.0,scheduled_distance_unavailable_assume_full,1498.8552841182152,0.03427238938544955,0.0,0.0,0.0,0.0,,0.0,,0.0,0.0,0.0,0.0032635989017083026,4.918160825432631,1,-0.0032635989017083026,0.0,0.08333333333333337,0.08333333333333337,all_field_expected_seconds_gap_residual_same_car_crossfit_v7_4,414,16,16.0,1.0,24.0,6.0,28.0,9.0,384.0,96.0,1471.4142818511402,1492.6191265134416,0,1.0,10,-0.35003314193133656,0.4675059426446914,0.5811357771887052,-0.49780244385537187,0.0,1471.0642487092089,1471.0642487092089,1452.2102054714478,retrospective_first_five_backcast_previous_season_anchor_frozen_v7_5
danner,1986,Canadian Grand Prix,Christian Danner,Osella,Osella,25,0.001353614031494354,0.2641897341686214,1983-1988_turbo,69,0.0,19.52,19.52,4.188,villeneuve,0.7047039781314537,open_meteo_era5_air_temperature_track_proxy,6,1986-06-15,jolpica_cross_fitted_xw_xp,0.0,24,Turbo,1.0,4.7728646913175075,8,prior_same_circuit_grid_movement,mechanical,,False,1500.0,0.0,0.49037700157639,-0.12099684734767074,-0.605334710900733,-2.5706611150259233,-0.05444858130645184,-0.7566683886259162,-0.3855991672538885,1.8459190704741617,0.009380362244601684,0.2872843607622663,18.105175341705607,0.0,0.0,0.0,-0.05444858130645184,-0.7566683886259162,-0.3855991672538885,-0.0016663618925273449,-0.010303038309865831,-0.0021534863068735145,0.0032056301368247235,-0.04730189037912199,-0.03523357219001063,0.3150498021135741,0.016441805499235032,0.0029813877714849535,0.010518524348710662,0.0030413691547086447,-0.0006624687815166143,-0.008199605358742323,-0.0007224501647403055,-0.0006624687815166143,cross_fitted,season_grid_average,example_precomputed_capabilities,0.7110839858842637,-1.734723475976807e-18,0.0,0.002318918989968339,0.23571996968126618,0.016441805499235032,0.3150498021135741,0.49999999999999994,0.6499999999999999,0.0070614432546333445,0.05156439108100014,-0.009380362244601684,,0.0,0.0,0.0,0.0,1500.0,revised_v3_parallel,prior_similar_races_current_season_only,field_centered_bounded_no_teammate_term,christiandanner,christian-danner,osella,osella-squadra-corse,,osella-fa1f|osella-fa1g|osella-fa1h,ambiguous_chassis_constructor_fallback,constructor:osella,Turbo,mechanical,25.0,25,True,,1:41.436,True,False,,,,False,0.6166666666666667,,-0.3570860773578634,-0.2774714707406423,0.09988657377878182,-0.9966750210505574,0.0023785459940048664,full_same_season_static_retrospective_baseline_v6,constructor_lineage_regulation_and_stability_shrunk,-12.880238833057831,1487.1197611669422,1357.629623778719,-2.1744988949519217,1484.9452622719903,1484.9452622719903,add28ac765d2963c,0.22413729128014842,0.0044,,,,,,,,,,,,,,,,,-0.3526320674207557,-0.2774714707406423,0.09988657377878182,-0.9966750210505574,0.0023785459940048664,full_same_season_static_retrospective_baseline_v6,constructor_lineage_regulation_and_stability_shrunk,review,baseline_v6_topology_fallback,-1.3870387607674681,0.00015378863954899723,full_same_season_static_retrospective,1435.119771476827,0.0,24,DNF,,6146.415,69.0,,0.0,unavailable,,1.0,scheduled_distance_unavailable_assume_full,1358.4564329760565,0.01997226326997687,0.0,0.0,0.0,0.0,,0.0,,0.0,0.0,0.0,-0.025373681191917862,1.9977225945447663,2,0.025373681191917862,0.0,,,all_field_expected_seconds_gap_residual_same_car_crossfit_v7_4,414,16,16.0,1.0,24.0,6.0,28.0,9.0,384.0,96.0,1437.3636254627636,1491.8000929815867,0,1.0,0,-2.2438539859365036,0.43255878886547866,0.37203961617231457,,0.0,1435.119771476827,1435.119771476827,1450.2546266441834,retrospective_first_five_backcast_previous_season_anchor_frozen_v7_5
tambay,1986,Canadian Grand Prix,Patrick Tambay,Lola,Lola,14,0.0004816996530153374,0.1523009430024788,1983-1988_turbo,69,0.0,19.52,19.52,4.188,villeneuve,0.7047039781314537,open_meteo_era5_air_temperature_track_proxy,6,1986-06-15,jolpica_cross_fitted_xw_xp,0.0,25,Accident,-11.0,4.7728646913175075,8,prior_same_circuit_grid_movement,driver_fault,0.0,True,1381.3464573519007,0.0,0.37706386387718754,-1.3733828074323964,-2.0033324940818016,0.7152923380859715,-0.6180222633445784,-2.504165617602252,0.10729385071289572,2.310082201482647,0.017315051455414784,0.3612325871288668,16.330417908907194,0.02,0.0,0.05880602015151773,-0.6180222633445784,-2.504165617602252,0.10729385071289572,-0.007980795225211614,-0.02524988227106764,0.0005664379787605903,-0.06132780404889901,-0.3009785441588237,0.011748258070038082,0.4839279186770565,0.03364717121417412,0.0016381497038472801,0.01922395702639469,0.0010005322169941233,-0.0006552180071918248,-0.018241025329739233,-1.760052033866798e-05,-0.0006552180071918248,cross_fitted,season_grid_average,example_precomputed_capabilities,0.7175535672533424,0.0,-5.551115123125783e-17,0.0009829316966554554,0.13336982853937182,0.03364717121417412,0.4839279186770565,0.49999999999999994,0.6499999999999999,0.01633211975875933,0.22786275858949498,-0.017315051455414784,-0.3612325871288668,-6.917747803249557,-1.6154729043337346,-8.533220707583292,0.0,1372.8132366443174,revised_v3_parallel,prior_similar_races_current_season_only,field_centered_bounded_no_teammate_term,patricktambay,patrick-tambay,lola,,,,unmatched_constructor_fallback,constructor:lola,Accident in warm-up,driver_fault,14.0,14,True,,1:28.095,True,False,,,,True,0.6166666666666667,-0.6166666666666667,-0.2835809358187492,0.0,0.0,-0.8449782315494366,0.003668961942776801,full_same_season_static_retrospective_baseline_v6,constructor_lineage_regulation_and_stability_shrunk,74.65983180454259,1456.0062891564432,1420.7588938933256,0.6288537446275168,1456.6351429010708,1448.1019221934876,add28ac765d2963c,0.22413729128014842,0.0044,,,,,,,,,,,,,,,,,-0.2788606200920702,0.0,0.0,-0.8449782315494366,0.003668961942776801,full_same_season_static_retrospective_baseline_v6,constructor_lineage_regulation_and_stability_shrunk,review,baseline_v6_topology_fallback,-1.127209302987501,0.0003230958629872752,full_same_season_static_retrospective,1488.5128486136477,0.006550346252228613,25,DNS,,6146.415,69.0,,0.0,unavailable,,1.0,scheduled_distance_unavailable_assume_full,1426.7905084876993,0.02597586510846256,0.0,0.0,0.0,0.0,,0.0,,0.0,0.0,0.0,-0.008874061430473562,3.0573769275509335,1,0.008874061430473562,0.0,0.0,0.0,all_field_expected_seconds_gap_residual_same_car_crossfit_v7_4,414,16,16.0,1.0,24.0,6.0,28.0,9.0,384.0,96.0,1488.3571524172805,1480.01244900632,0,1.0,71,0.15569619636721926,0.48459169620501585,0.4391346873698814,-0.4391346873698814,-10.641456575562156,1477.8713920380856,1477.8713920380856,1461.1083236078334,retrospective_first_five_backcast_previous_season_anchor_frozen_v7_5
