source_id,platform,title,url,published_date,query_family,source_comments_sampled,source_valid_votes,leading_driver,leader_share
yt-top20-dony,youtube,Top 20 Greatest Formula 1 Drivers of All Time,https://www.youtube.com/watch?v=DONYRepYnkc,,all-time-ranking,96,22,Lewis Hamilton,0.3182
yt-mansell-top5,youtube,Nigel Mansell’s five greatest Formula 1 drivers,https://www.youtube.com/watch?v=9Dg6Lu2kk5Y,,all-time-ranking,354,18,Nigel Mansell,0.2222
yt-top10-5px,youtube,Top 10 F1 Drivers Of All Time,https://www.youtube.com/watch?v=5PXfxi7WURE,,all-time-ranking,10,1,Ayrton Senna,1
yt-top10-jmk,youtube,Top 10 Greatest Formula 1 Drivers of All Time,https://www.youtube.com/watch?v=JmkY__kVT0k,,all-time-ranking,10,0,,0
yt-es-top10-6q,youtube,Los 10 mejores pilotos de la historia de la F1,https://www.youtube.com/watch?v=6_QJ0raM_zI,,all-time-ranking,22,3,Ayrton Senna,0.3333
yt-pt-ranking,youtube,Top 10 melhores pilotos da história da F1,https://www.youtube.com/watch?v=a0J1Swff4vI,,all-time-ranking,169,14,Ayrton Senna,0.2857
yt-pt-top10,youtube,Quem são os maiores pilotos da Fórmula 1?,https://www.youtube.com/watch?v=1DitTntyjFU,,all-time-question,284,43,Ayrton Senna,0.4884
yt-best-10-qtk,youtube,10 of the best F1 drivers of all time,https://www.youtube.com/watch?v=qtkRD79jFJs,,all-time-ranking,4,1,Lewis Hamilton,1
yt-hill-top5,youtube,Damon Hill’s five greatest Formula 1 drivers,https://www.youtube.com/watch?v=-AoDNQq0Kvc,,all-time-ranking,84,7,Ayrton Senna,0.5714
yt-steiner-top10,youtube,Guenther Steiner Ranks His Top 10 F1 Drivers,https://www.youtube.com/watch?v=86ZaNRPFurw,,all-time-ranking,815,90,Ayrton Senna,0.2222
yt-es-top10-eet,youtube,Top 10 mejores pilotos de Fórmula 1 de todos los tiempos,https://www.youtube.com/watch?v=e_EtZMh3odc,,all-time-ranking,1103,83,Ayrton Senna,0.3373
yt-explained-7n2,youtube,The Greatest Formula 1 Drivers of All Time Explained,https://www.youtube.com/watch?v=7N2L78kiaB8,,all-time-ranking,4,1,Alain Prost,1
yt-top20-cdo,youtube,Top 20 Greatest F1 Drivers of all Time,https://www.youtube.com/watch?v=CdOTohARqWQ,,all-time-ranking,133,34,Ayrton Senna,0.4706
yt-lauda-top5,youtube,Niki Lauda’s five greatest Formula 1 drivers,https://www.youtube.com/watch?v=T29dNAqlOY0,,all-time-ranking,84,4,Gilles Villeneuve,0.25
yt-top10-abc,youtube,Top 10 Greatest F1 Drivers of all time,https://www.youtube.com/watch?v=aBCxjBXGHWE,,all-time-ranking,258,26,Ayrton Senna,0.3846
yt-es-pregunta-hq,youtube,¿Cuál es el mejor piloto de la historia de la Fórmula 1?,https://www.youtube.com/watch?v=HQ_T7FKilxI,,all-time-question,1812,231,Ayrton Senna,0.5022
yt-es-soymotor,youtube,¿Quién es el mejor piloto de la historia? — SoyMotor,https://www.youtube.com/watch?v=YOuRlAJjO58,,all-time-question,763,81,Ayrton Senna,0.3086
yt-pt-greatest,youtube,Os 10 maiores pilotos da Fórmula 1 de todos os tempos,https://www.youtube.com/watch?v=gwQBtsbtDj4,,all-time-ranking,1,0,,0
yt-debate-verdict,youtube,Verstappen vs Senna vs Schumacher vs Hamilton — The F1 GOAT Verdict,https://www.youtube.com/watch?v=wh3ybl04TXw,,all-time-debate,3,0,,0
yt-impossible-debate,youtube,F1’s Most Impossible Debate,https://www.youtube.com/watch?v=DXHTa1kUzR0,,all-time-debate,22,2,Niki Lauda,0.5
yt-fr-best-xzn,youtube,Le meilleur pilote de F1 de tous les temps,https://www.youtube.com/watch?v=xzN2kdt9bBY,,all-time-question,2,1,Ayrton Senna,1
yt-goat-three,youtube,"Who’s the F1 GOAT? Schumacher, Hamilton or Senna?",https://www.youtube.com/watch?v=veD_XohJ7d0,,all-time-question,1,0,,0
yt-opinion-goat,youtube,Who is Formula 1’s Greatest of All Time Driver?,https://www.youtube.com/watch?v=_asi_8Evyck,,all-time-question,7,0,,0
yt-fr-top10-qd8,youtube,Les 10 meilleurs pilotes de l’histoire de la F1,https://www.youtube.com/watch?v=qD8N1XQ0M1c,,all-time-ranking,328,16,Ayrton Senna,0.1875
yt-f1-universe-goat,youtube,Who is the greatest F1 driver of all time?,https://www.youtube.com/watch?v=FeJu1HG_9Bg,,all-time-question,1,0,,0
yt-german-fan-vote,youtube,1.126.863 Stimmen: bester Formel-1-Fahrer aller Zeiten,https://www.youtube.com/watch?v=qP7HbhD3jWw,,all-time-question,339,28,Michael Schumacher,0.4286
yt-fr-top10-nmb,youtube,Top 10 des meilleurs pilotes de l’histoire de la F1,https://www.youtube.com/watch?v=nmbWzsm_z0M,,all-time-ranking,86,9,Juan Manuel Fangio,0.2222
yt-fr-top10-5tue,youtube,Mes 10 meilleurs pilotes de l’histoire de la F1,https://www.youtube.com/watch?v=5TueN3b1g_I,,all-time-ranking,9,1,Ayrton Senna,1
yt-it-favorites,youtube,Top 10 piloti preferiti di sempre,https://www.youtube.com/watch?v=7-Rv_x8WwH8,,all-time-ranking,477,55,Michael Schumacher,0.3818
yt-auto-jR-cNuRmlrA,youtube,F1 Tier List: Lando Norris OVERRATED?! Ranking the Greatest Drivers of All Time | Settle It,https://www.youtube.com/watch?v=jR-cNuRmlrA,,all-time-ranking,91,1,Michael Schumacher,1
yt-auto-hTxeNazV4u0,youtube,Ranking Every F1 Champion Ever,https://www.youtube.com/watch?v=hTxeNazV4u0,,all-time-ranking,164,5,Jochen Rindt,0.2
yt-auto-3zwmlCLdzwo,youtube,I Ranked Every F1 Champion  Ever,https://www.youtube.com/watch?v=3zwmlCLdzwo,,all-time-ranking,96,2,Juan Manuel Fangio,0.5
yt-auto-euhC9f9inQo,youtube,Ranking F1 World Champions with Jacques Villeneuve!,https://www.youtube.com/watch?v=euhC9f9inQo,,all-time-ranking,617,19,Ayrton Senna,0.6316
yt-auto-9g4zf54b23w,youtube,Top 20 Greatest Formula One Drivers of All Time,https://www.youtube.com/watch?v=9g4zf54b23w,,all-time-ranking,5,1,Michael Schumacher,1
yt-auto-0GebPAs3enE,youtube,Top 20 Greatest F1 Drivers Of All Time 🏁 Agree or disagree ?,https://www.youtube.com/watch?v=0GebPAs3enE,,all-time-ranking,5,1,Ayrton Senna,1
yt-auto-D9rAuAiHPF8,youtube,I Asked 5 AIs to Rank the Greatest F1 Drivers ever…,https://www.youtube.com/watch?v=D9rAuAiHPF8,,all-time-ranking,7,1,Jim Clark,1
yt-auto-ZRdP3eRqDq8,youtube,Top 10 Greatest Formula 1 Drivers of All Time (2026),https://www.youtube.com/watch?v=ZRdP3eRqDq8,,all-time-ranking,1,0,,0
yt-auto-RhOglCbYH_c,youtube,Top 20 Formula 1 Drivers,https://www.youtube.com/watch?v=RhOglCbYH_c,,all-time-ranking,320,47,Ayrton Senna,0.5957
yt-auto-yiV3Q_9vqXQ,youtube,The 20 Best Formula One Drivers / Top 20 Best Formula One Drivers,https://www.youtube.com/watch?v=yiV3Q_9vqXQ,,all-time-ranking,1,0,,0
yt-auto-LxKV_SU07i0,youtube,Die Besten FORMEL1 Fahrer aller zeiten,https://www.youtube.com/watch?v=LxKV_SU07i0,,all-time-ranking,18,0,,0
yt-auto-3QKS74Q-L00,youtube,Top 10 F1 Fahrer Mit Den Meisten Punkten Aller Zeiten! (Sommer 2018),https://www.youtube.com/watch?v=3QKS74Q-L00,,all-time-ranking,3,0,,0
yt-auto-a0J1Swff4vI,youtube,Top 10 MELHORES pilotos da história da F1,https://www.youtube.com/watch?v=a0J1Swff4vI,,all-time-ranking,4,0,,0
yt-watchmojo-top10,youtube,Top 10 Formula 1 Drivers of All Time,https://www.youtube.com/watch?v=LEklASYObdc,,all-time-ranking,3285,410,Ayrton Senna,0.4707
yt-auto-nmbWzsm_z0M,youtube,Formule 1 - Top 10 des meilleurs pilotes de l'histoire de la F1,https://www.youtube.com/watch?v=nmbWzsm_z0M,,all-time-ranking,1,0,,0
yt-auto-sSmbAUr2KcM,youtube,LOS MEJORES PILOTOS DE F1 DE LA HISTORIA,https://www.youtube.com/watch?v=sSmbAUr2KcM,,all-time-ranking,254,27,Ayrton Senna,0.3333
yt-auto-vB0-_36bJaU,youtube,Top 10 mejores pilotos de la historia de la F1,https://www.youtube.com/watch?v=vB0-_36bJaU,,all-time-ranking,55,5,Ayrton Senna,0.6
yt-auto-fwkMZnahJis,youtube,TOP 10 MEJORES PILOTOS DE F1 DE TODOS LOS TIEMPOS,https://www.youtube.com/watch?v=fwkMZnahJis,,all-time-ranking,664,36,Lewis Hamilton,0.25
yt-auto-R6JDfFKGAvg,youtube,LOS 5 MEJORES PILOTOS DE F1 DE LA HISTORIA,https://www.youtube.com/watch?v=R6JDfFKGAvg,,all-time-ranking,713,89,Ayrton Senna,0.4382
yt-auto-L5qEKbu4znI,youtube,🥇TOP 10 Mejores PILOTOS DE F1 de la HISTORIA según la IA!!🏆🏎️,https://www.youtube.com/watch?v=L5qEKbu4znI,,all-time-ranking,27,1,Michael Schumacher,1
yt-auto-OTW4WoxORdc,youtube,LOS 10 MEJORES PILOTOS F1 HISTORIA,https://www.youtube.com/watch?v=OTW4WoxORdc,,all-time-ranking,492,51,Ayrton Senna,0.4314
yt-auto-oSUEB0fDQ8Y,youtube,TOP 30 MEJORES PILOTOS DE F1 DE LA HISTORIA(1950-2018),https://www.youtube.com/watch?v=oSUEB0fDQ8Y,,all-time-ranking,644,72,Ayrton Senna,0.4167
forum-forumula1-top5,forum,Top five Formula 1 drivers of all time,https://www.forumula1.com/forum/viewtopic.php?t=2021,2007-10-23,all-time-ranking,31,7,Michael Schumacher,0.4286
forum-gtplanet-top3,forum,The three greatest F1 drivers of all time,https://www.gtplanet.net/forum/threads/the-3-greatest-f1-drivers-of-all-time.329171/,2015-05-28,all-time-ranking,107,11,Juan Manuel Fangio,0.3636
watchmojo-top-10-2018,youtube,Top 10 Formula 1 Drivers of All Time,https://www.youtube.com/watch?v=LEklASYObdc,2018-03-23,all-time-ranking,400,28,Ayrton Senna,0.4286
forum-z4-goat,forum,"So, who is the greatest F1 driver of all time?",https://z4-forum.com/threads/so-who-is-the-greatest-f1-driver-of-all-time.132600/,2021-12-14,all-time-question,39,1,Lewis Hamilton,1
reddit-best-all-time,reddit,Best Formula 1 drivers of all time,https://www.reddit.com/r/formula1/comments/rlujv2,2021-12-22,all-time-question,57,5,Michael Schumacher,0.4
reddit-senna-goat-debate,reddit,Discussion: the greatest Formula 1 driver,https://www.reddit.com/r/formula1/comments/sfluxz,2022-01-28,all-time-debate,446,12,Ayrton Senna,0.3333
f1-universe-goat-2025,youtube,Who is the greatest F1 driver of all time?,https://www.youtube.com/watch?v=FeJu1HG_9Bg,2025-01-23,all-time-question,33,9,Ayrton Senna,0.7778
f1-focus-goat-2025,youtube,"Forget Hamilton & Schumacher, F1's REAL GOAT is...",https://www.youtube.com/watch?v=jHeSbOCGX5o,2025-08-05,all-time-debate,29,0,,0
reddit-greatest-top10,reddit,Ten greatest F1 drivers of all time,https://www.reddit.com/r/F1Discussions/comments/1n88z9f,2025-09-05,all-time-ranking,152,10,Ayrton Senna,0.3
reddit-champions-top5,reddit,Which five F1 champions are your top five?,https://www.reddit.com/r/F1Discussions/comments/1ptopm3,2025-12-22,all-time-ranking,322,10,Michael Schumacher,0.2
